uuid,public_qid,strategy,generator,domain,difficulty,cognitive_dim,question_text,options,correct_answer,source_facts,answer_correct,distractors_plausible,not_ambiguous,source_faithful,needs_source,no_vague_language,difficulty_match,cognitive_match,verbatim_copy,wine_category_leak,notes,audit_severity_summary,flagged_by_agent,recommended_action
9cbbd8e4-4666-48f0-b91b-8a9efdab61d3,WB-REG-0313-L3,scenario_synthesis,chatgpt,wine_regions,3,application,A Georgian producer is designing a traditional white wine from the central province of Kartli and wants the method to reflect the region's customary position between the more extractive Kakhetian approach and the lighter Imeretian one. The cellar team is also considering fermentation and aging in clay vessels buried in the ground because they want a wine that supporters of that method describe as naturally steady and notably structured. Which plan best fits those goals?,"[{'id': 'A', 'text': 'Use qvevri, but model the wine entirely on the Kakhetian style rather than the central Georgian middle-ground tradition.'}, {'id': 'B', 'text': 'Make the wine in buried clay qvevri and aim for a Kartli-style white that sits between the Kakheti and Imereti traditions, accepting a firmer tannic profile and inherent stability.'}, {'id': 'C', 'text': 'Avoid qvevri because that vessel type is associated with a softer, less tannic result, and instead push Kartli white wine fully toward the Imeretian end of the spectrum.'}, {'id': 'D', 'text': 'Skip qvevri and define the wine as a direct blend of Kakhetian and Imeretian methods, since Kartli has no distinct traditional white-wine identity of its own.'}]",B,"[1] Wine-makers who use kvevri claim that their wine is stable by nature, rich in tannins.
---
[2] == External links == A history of Georgian wine-making in kvevris An illustrated handbook explaining in detail how kvevris and kvevri wine are made The Real Wine Fair on ""All.
---
[3] Intermediate place between the Kakhetian style and Imeretian style represents the traditional white wine from province Kartli (Central Georgia).",,,,,,,,,,,,"A1=PASS,A3=WARN,A4=WARN,B1=PASS,B2=WARN,C2=PASS,C4=ERROR",,warn_only
42a29e4f-2e6d-4047-87a8-0e942cc7fc0b,WB-REG-1149-L2,fact_to_question,claude,wine_regions,2,recall,The Fair Play AVA is a sub-appellation located entirely within which larger California AVA?,"[{'id': 'A', 'text': 'Lodi AVA'}, {'id': 'B', 'text': 'Clarksburg AVA'}, {'id': 'C', 'text': 'El Dorado AVA'}, {'id': 'D', 'text': 'North Yuba AVA'}]",C,[1] El Dorado AVA contains the Fair Play AVA.,,,,,,,,,,,,"A1=PASS,A3=WARN,B1=PASS,B2=WARN,C2=PASS,C4=WARN",,warn_only
8b16cafe-bc3e-4804-b056-1b5bcd600375,WB-GRP-0768-L4,distractor_mining,llama,grape_varieties,4,analysis,"Which Canadian wine region has two classification systems for wines made from 100% locally-grown grapes, with specific requirements depending on the grape variety and winemaking techniques used?","[{'id': 'A', 'text': 'Charente-Maritime'}, {'id': 'B', 'text': 'British Columbia'}, {'id': 'C', 'text': 'Quebec'}, {'id': 'D', 'text': 'Okanagan Valley'}]",B,"[1] Quebec wine varieties grown in Quebec, both white and red, all have common qualities needed by the harshness of the winter season, including resistance to winter temperatures.
---
[2] The use of French hybrid varieties allowed for a more neutral flavour profile for wine production while still providing tolerances to climatic, soil.
---
[3] In the 21st century, growers have been planting more warm climate varieties typically not associated with the Canadian wine industry.
---
[4] Wines made from 100% British Columbia grapes can qualify for classification under one of British Columbia's two classification systems, depending on the variety, the winemaking techniques employed.
---
[5] Maréchal Foch (French pronunciation: [maʁeʃal fɔʃ]) is an inter-specific hybrid French red wine grape variety.
---
[6] Though the variety was created in France, today it is no longer an authorized grape variety with only a few rare plantings remaining in the Charente-Maritime department.",,,,,,,,,,,,"A1=PASS,A3=PASS,A4=WARN,B1=PASS,B2=PASS,C2=PASS,C4=WARN",,warn_only
8beea7e9-29e5-4df4-9654-8e6b089ea126,WB-PRD-0624-L2,fact_to_question,chatgpt,producers,1,recall,Which Bordeaux appellation is home to the classified estate Château l'Arrosée?,"[{'id': 'A', 'text': 'Pessac-Léognan'}, {'id': 'B', 'text': 'Saint-Émilion'}, {'id': 'C', 'text': 'Margaux'}, {'id': 'D', 'text': 'Pomerol'}]",B,[1] Château l'Arrosée is a classified Bordeaux estate in Saint-Émilion.,,,,,,,,,,,,"A1=PASS,A3=WARN,B1=PASS,B2=WARN,C2=PASS,C4=WARN",,warn_only
5c351279-9cd6-43d0-a1b6-dae1b6722a15,WB-REG-0787-L2,fact_to_question,qwen,wine_regions,1,recall,"Which of the following appellations is classified as a premier cru located in the commune of Morey-Saint-Denis, within the Burgundy region of France?","[{'id': 'A', 'text': 'Saint-Aubin'}, {'id': 'B', 'text': 'Chorey-lès-Beaune'}, {'id': 'C', 'text': 'Monthélie'}, {'id': 'D', 'text': 'Aux Cheseaux'}]",D,[1] Morey-Saint-Denis premier cru Aux Cheseaux is an AOC appellation in France.,,,,,,,,,,,,"A1=FAIL,A3=PASS,B1=PASS,B2=FAIL,C2=PASS,C4=FAIL",B2_ClosedBookSolvability,drop_critical
f668d33b-b767-4eea-9809-47441f8c88f5,WB-REG-0376-L3,scenario_synthesis,llama,wine_regions,1,synthesis,A winemaker in Israel is planning the harvest for their vineyards located in the southern West Bank region. They are considering whether to conduct the harvest during the day or at night. What would be the most suitable choice based on the typical practices in this area?,"[{'id': 'A', 'text': 'Harvest during the cooler temperatures at night'}, {'id': 'B', 'text': 'Alternate between day and night harvesting'}, {'id': 'C', 'text': 'Harvest during the day to maximize sunlight exposure'}, {'id': 'D', 'text': 'Harvest in the early morning to balance cool temperatures and daylight'}]",A,"[1] More than 80% of the vineyards planted in Israel are located in the southern West Bank, Samson and Galilee regions.
---
[2] Harvest will often take place during the cooler temperatures of night time.
---
[3] Wine was exported to Rome during the Roman period, but under the Muslim rulers the production was virtually wiped out.",,,,,,,,,,,,"A1=PASS,A3=WARN,A4=WARN,B1=PASS,B2=FAIL,C2=PASS,C4=FAIL",B2_ClosedBookSolvability,drop_critical
0624f02f-c414-4b51-984f-ea7844d48b80,WB-WMK-0239-L2,fact_to_question,claude,winemaking,1,recall,"In the traditional production of certain Spanish fortified wines, a specialized tool is lowered through the bunghole of a cask to extract samples by piercing the layer of indigenous yeast that forms on the wine's surface during maturation. What is this yeast layer called?","[{'id': 'A', 'text': 'Botrytis'}, {'id': 'B', 'text': 'Mycoderma aceti'}, {'id': 'C', 'text': 'Pied de cuve'}, {'id': 'D', 'text': 'Flor'}]",D,[1] Venencia is dropped in to the barrels through the bunghole to break through the protective yeast called 'flor' that covers the aging wine.,,,,,,,,,,,,"A1=PASS,A3=WARN,B1=PASS,B2=FAIL,C2=PASS,C4=WARN",B2_ClosedBookSolvability,drop_critical
2f38be95-2387-4215-9138-5fa83b3bd4e1,WB-GRP-1101-L2,fact_to_question,qwen,grape_varieties,2,recall,Which two grape varieties are cultivated by a traditional Champagne house known for adhering to the classic varietal composition of the region?,"[{'id': 'A', 'text': 'Pinot Noir and Pinot Meunier'}, {'id': 'B', 'text': 'Chardonnay and Pinot Noir'}, {'id': 'C', 'text': 'Arbane and Petit Meslier'}, {'id': 'D', 'text': 'Pinot Meunier and Chardonnay'}]",B,"[1] Champagne Louis Nicaise grows the traditional Champagne varietals: Chardonnay, Pinot Noir.",,,,,,,,,,,,"A1=PASS,A3=WARN,A4=WARN,B1=PASS,B2=PASS,C2=FAIL,C4=PASS",C2_CategoryLeak,drop_critical
c3349f19-e83c-4eb7-8262-3eefbeb302b4,WB-GRP-0856-L2,comparative,chatgpt,grape_varieties,1,analysis,"Which wine region is identified by the rule that its wine must contain between three-quarters and all of the blend as Sangiovese, a standard in place since the mid-1990s?","[{'id': 'A', 'text': 'Valpolicella'}, {'id': 'B', 'text': 'Chianti Classico'}, {'id': 'C', 'text': 'Valpolicella Classico'}, {'id': 'D', 'text': 'Chianti'}]",D,"[1] The most favorably situated vineyards are located in the Monti Lessini foothills in the classico zone where the grapes ripen at altitudes between 490 to 1,500 feet (150–460 metres).
---
[2] == Grapes and classification == Since 1996 the blend for Chianti and Chianti Classico has been 75–100% Sangiovese.",,,,,,,,,,,,"A1=PASS,A3=PASS,B1=WARN,B2=PASS,C2=PASS,C4=WARN",,warn_only
8ef24b66-720f-433c-af48-a410a049396f,WB-REG-0308-L2,comparative,qwen,wine_regions,1,analysis,"Which of these wine entities was the first in Italy to receive the highest national quality designation, established through a formal classification upgrade that signified both controlled origin and guaranteed quality?","[{'id': 'A', 'text': 'Amarone della Valpolicella'}, {'id': 'B', 'text': ""Montepulciano d'Abruzzo""}, {'id': 'C', 'text': 'Oseleta'}, {'id': 'D', 'text': 'Brunello di Montalcino'}]",D,"[1] In 1980, the Montalcino region was the first Italian wine region to be awarded denominazione di origine controllata e garantita (DOCG) designation.
---
[2] Oseleta is a rare, autochthonous red wine grape variety from the Valpolicella area in the Veneto region of Italy.",,,,,,,,,,,,"A1=PASS,A3=PASS,A4=WARN,B1=PASS,B2=FAIL,C2=PASS,C4=WARN",B2_ClosedBookSolvability,drop_critical
4c797335-d22e-4119-8275-4adf0675f516,WB-GRP-1003-L2,scenario_synthesis,llama,grape_varieties,2,analysis,"A winemaker in the hills south of the Via Emilia near the Apennines is deciding where to source Sangiovese grapes for a high-quality Chianti. Which vineyard site should they choose to produce an elegant, lighter-bodied style?","[{'id': 'A', 'text': 'A flat valley floor with deep, fertile soils'}, {'id': 'B', 'text': 'A south-facing slope with maximum sun exposure'}, {'id': 'C', 'text': 'A sandstone and clay rich site with gentle slopes'}, {'id': 'D', 'text': 'A steep, north-facing slope at high elevation'}]",C,"[1] Sangiovese slopes tend to produce lighter and more elegant wines that then those made from vineyards on south and southwest facing slopes.
---
[2] Today there is a broad range of style of Chianti reflecting the Sangiovese influence and winemaker's touch.
---
[3] Sangiovese seems to produce the highest quality wine in the sandstone and clay rich hills south of the Via Emilia near the Apennines which is covered by much of the.",,,,,,,,,,,,"A1=PASS,A3=FAIL,B1=FAIL,B2=PASS,C2=PASS,C4=WARN",B1_TriJudgeAnswer,drop_critical
2738c376-b034-49ba-88f9-231cee9a2fb9,WB-GRP-1176-L2,comparative,gemini,grape_varieties,2,analysis,"Which grape variety's earliest commercial cultivation efforts in Washington included a notable site at Red Willow Vineyard, situated inside the Yakima Valley?","[{'id': 'A', 'text': 'Sangiovese'}, {'id': 'B', 'text': 'Barbera'}, {'id': 'C', 'text': 'Nebbiolo'}, {'id': 'D', 'text': 'Cabernet Franc'}]",A,"[1] Today it is a permitted variety to be blended with Aglianico in the Denominazione di Origine Controllata e Garantita (DOCG) wine of Taurasi though it is rarely used.
---
[2] In Washington State, one of the first commercial plantings of Sangiovese was at Red Willow Vineyard in the Yakima Valley AVA.",,,,,,,,,,,,"A1=PASS,A3=WARN,A4=WARN,B1=PASS,B2=PASS,C2=PASS,C4=WARN",,warn_only
5bf65d83-52b0-48fb-8fb7-bc8d89976a76,WB-REG-0319-L4,scenario_synthesis,llama,wine_regions,4,analysis,"A winemaker in Georgia is looking to produce a wine with a harmonious taste and a fruity aroma, with a golden color and a fine bouquet. Which of the following traditional Georgian wine styles should they aim to create?","[{'id': 'A', 'text': 'Sura'}, {'id': 'B', 'text': 'Chinchila'}, {'id': 'C', 'text': 'Khelada'}, {'id': 'D', 'text': 'Doki'}]",C,"[1] Georgian wine others yet were used for drinking, such as khelada, doki, sura, chinchila, deda-khelada, dzhami.
---
[2] Georgian wine is characterized by a harmonious taste with a fruity aroma.
---
[3] The golden-color wine has an original fine bouquet, a pleasant taste with a harmonious honey fragrance.",,,,,,,,,,,,"A1=PASS,A3=WARN,B1=FAIL,B2=PASS,C2=PASS,C4=PASS",B1_TriJudgeAnswer,drop_critical
622aa1e3-301f-4d40-b59c-ab4002c8ea07,WB-PRD-0786-L2,template,template_only,producers,2,recall,True or False: the producer Jacuzzi Family Vineyard sits within the Sonoma wine region.,"[{'id': 'A', 'text': 'True'}, {'id': 'B', 'text': 'False'}]",A,[1] Jacuzzi Family Vineyard is a wine producer located in Sonoma.,,,,,,,,,,,,"A1=PASS,A3=PASS,B1=PASS,B2=WARN,C2=PASS,C4=PASS",,warn_only
36c02895-eb64-4215-999d-4eaa524b07fe,WB-WMK-0386-L2,fact_to_question,llama,winemaking,2,recall,What is the effect of UV-C doses higher than 1 kJ/l on the colour intensity and odour attributes of wine?,"[{'id': 'A', 'text': 'No significant change in colour intensity or odour attributes'}, {'id': 'B', 'text': 'Increased colour intensity and peach odour, decreased oxidised and burnt odours'}, {'id': 'C', 'text': 'Decreased colour intensity and oxidised and burnt odours, increased peach odour'}, {'id': 'D', 'text': 'Increased colour intensity and oxidised and burnt odours, decreased peach odour'}]",D,[1] A sensory evaluation revealed that UV‑C doses higher than 1 kJ/l increased thecolour intensityand theoxidisedandburntodour attributes of the wine.Thepeachodour attribute decreased with UV‑C treatment.,,,,,,,,,,,,"A1=PASS,A3=FAIL,A4=WARN,B1=PASS,B2=PASS,C2=PASS,C4=FAIL",A3_FactEcho,drop_critical
329771c6-5526-43f1-92d0-85bde875ab33,WB-VIT-0736-L3,distractor_mining,claude,viticulture,3,analysis,"A vineyard pest cannot be eliminated through chemical treatment because insecticides fail to move effectively through the dense, clay-rich soils in which this organism thrives. Which pest is being described?","[{'id': 'A', 'text': 'Vine mealybug'}, {'id': 'B', 'text': 'Grape leafhopper'}, {'id': 'C', 'text': 'Cutworm'}, {'id': 'D', 'text': 'Phylloxera'}]",D,"[1] Management Historical records of cutworm infestations or damage are useful in developing monitoring strategies for individual vineyards because cutworm problems are normally spotty or localized.
---
[2] Pyrethrin and spinosyn insecticides can be used prior to and after harvest, but are not effective for long-term control as they only provide short-residual suppression of adults.
---
[3] If males are found, increase the number of traps in the vineyard, and locate the infestation by examining lower leaves for honeydew.
---
[4] Heavy infestations may require a second application in 4 or 5 days.
---
[5] A pesticide treatment will not eradicate phylloxera populations; the chemical cannot easily penetrate the heavy soils that this pest prefers.
---
[6] In either region, low numbers of male vine mealybugs found in a trap may mean that the infestation is located in an adjacent block or in a more distant vineyard.",,,,,,,,,,,,"A1=PASS,A3=PASS,A4=WARN,B1=PASS,B2=WARN,C2=PASS,C4=WARN",,warn_only
8c956bff-b91e-48ef-ab9c-9944bc7c26a5,WB-VIT-0292-L2,scenario_synthesis,chatgpt,viticulture,2,synthesis,"An Oregon winemaker is reviewing red-fruit blocks in late season. In one parcel, the berries have just begun color change, and the team wants to focus tank space on a red grape that is both already part of the state's main red plantings and also suitable in the warmer parts of Oregon. Which variety best fits that brief?","[{'id': 'A', 'text': 'Pinot Noir'}, {'id': 'B', 'text': 'Gamay'}, {'id': 'C', 'text': 'Merlot'}, {'id': 'D', 'text': 'Chasselas'}]",C,"[1] Some regions of the state are able to produce warm climate cultivars such as Cabernet Sauvignon, Syrah and Merlot.
---
[2] And we grow mainly Pinot Noir, Merlot, and Gamay for the red varieties and Chasselas for the white variety.
---
[3] Download Save for later Print Share Updated: August 6, 2024 Skip to the end of the images gallery Merlot at veraison.",,,,,,,,,,,,"A1=PASS,A3=PASS,B1=PASS,B2=WARN,C2=PASS,C4=WARN",,warn_only
90650153-d479-45dc-b06b-33e337a9b440,WB-GRP-1236-L3,scenario_synthesis,qwen,grape_varieties,1,analysis,"A winemaker on a small island region in the southern hemisphere is planning red wine production using primarily French grape varieties. The local climate provides a long, cool growing season, which preserves high acidity and intensifies fruit expression in the grapes. The winemaker aims to highlight the vibrant, aromatic profile of the wines, ensuring they remain zesty and versatile with food. Given these conditions and goals, which of the following varieties should be a principal component of the red wine blend to align with the region’s typical plantings and style objectives?","[{'id': 'A', 'text': 'Sangiovese'}, {'id': 'B', 'text': 'Syrah'}, {'id': 'C', 'text': 'Tempranillo'}, {'id': 'D', 'text': 'Nebbiolo'}]",B,"[1] Waiheke Island wine region is planted primarily in French red grape varieties: Syrah, Merlot.
---
[2] Racy, aromatic, diverse. Naturally vibrant with a zesty acidity: the ideal wine for a range of cuisines.
---
[3] Southern regions have longer, cooler growing conditions that promote stronger, more vibrant fruit flavours and higher acidity levels. The resulting wines are more pungent.",,,,,,,,,,,,"A1=PASS,A3=WARN,A4=WARN,B1=PASS,B2=WARN,C2=PASS,C4=WARN",,warn_only
d59f81cd-0fae-4c35-8db0-a811822ec8f8,WB-GRP-0748-L3,comparative,claude,grape_varieties,3,analysis,"A red grape variety fits the following profile: historically valued in Piedmont for generous yields and the capacity to reach ripeness roughly a fortnight ahead of its more temperamental neighbor, even when planted on sites with suboptimal sun exposure. Which variety is being described?","[{'id': 'A', 'text': 'Nebbiolo'}, {'id': 'B', 'text': 'Barbera'}, {'id': 'C', 'text': 'Dolcetto'}, {'id': 'D', 'text': 'Freisa'}]",B,"[1] In Piedmont, the vine was prized for its yields and ability to ripen two weeks earlier than Nebbiolo even on vineyard sites with less than ideal exposure.
---
[2] Today there are scattered plantings of Nebbiolo throughout the state with the majority located in the jug wine producing region of the Central Valley.",,,,,,,,,,,,"A1=PASS,A3=WARN,A4=WARN,B1=FAIL,B2=PASS,C2=PASS,C4=PASS",B1_TriJudgeAnswer,drop_critical
9d25416f-5dea-4011-9b6c-3e4aa524f2ea,WB-REG-1418-L4,template,template_only,wine_regions,4,comprehension,"According to the fact, which county or counties encompass the Santa Maria Valley AVA?","[{'id': 'A', 'text': 'San Luis Obispo|Santa Barbara'}, {'id': 'B', 'text': 'San Benito|Santa Clara'}, {'id': 'C', 'text': 'Alameda|Monterey|San Benito|San Luis Obispo|Santa Barbara|Santa Clara|Santa Cruz'}, {'id': 'D', 'text': 'Santa Barbara'}]",A,[1] Santa Maria Valley AVA is located in San Luis Obispo|Santa Barbara County.,,,,,,,,,,,,"A1=PASS,A3=FAIL,B1=PASS,B2=WARN,C2=PASS,C4=FAIL",A3_FactEcho,drop_critical
f4a84044-7f3b-448c-9c57-bb388f73715c,WB-GRP-1011-L2,scenario_synthesis,llama,grape_varieties,2,synthesis,A winemaker in Argentina is looking to plant a new vineyard near the alpine town of La Cumbrecita. The region has recently gained recognition for its award-winning wines. Which grape variety should the winemaker consider planting to capitalize on the cool climate and align with the region's recent success?,"[{'id': 'A', 'text': 'Pinot Noir'}, {'id': 'B', 'text': 'Torrontés'}, {'id': 'C', 'text': 'Cabernet Sauvignon'}, {'id': 'D', 'text': 'Malbec'}]",A,"[1] Argentine wine wines that have won significant national awards (some near La Cumbrecita, an alpine town that would have been considered too cool for vines recently).
---
[2] The main plantings have been, so far, Pinot Noir, Chardonnay, Sauvignon Blanc, Gewürztraminer, Merlot, Riesling and Pinot Gris.
---
[3] Torrontés is another typically Argentine grape and is mostly found in the provinces of La Rioja, San Juan.",,,,,,,,,,,,"A1=PASS,A3=PASS,B1=PASS,B2=WARN,C2=PASS,C4=WARN",,warn_only
72a530b2-227a-455e-a19e-36218a8776b6,WB-REG-1493-L3,distractor_mining,llama,wine_regions,1,analysis,Which Italian region has only 1 DOCG appellation?,"[{'id': 'A', 'text': 'Emilia-Romagna'}, {'id': 'B', 'text': 'Piedmont'}, {'id': 'C', 'text': 'Sardinia'}, {'id': 'D', 'text': 'Trentino-Alto Adige'}]",C,"[1] The Lombardy region of Italy has 5 DOCG appellations.
---
[2] The Emilia-Romagna region of Italy has 2 DOCG appellations.
---
[3] The Piedmont region of Italy has 17 DOCG appellations.
---
[4] The Marche region of Italy has 5 DOCG appellations.
---
[5] The Trentino-Alto Adige region of Italy has 1 DOCG appellation.
---
[6] The Sardinia region of Italy has 1 DOCG appellation.",,,,,,,,,,,,"A1=PASS,A3=WARN,B1=FAIL,B2=PASS,C2=PASS,C4=FAIL",B1_TriJudgeAnswer,drop_critical
56fdf580-c818-48c6-a430-607adb10b3e5,WB-VIT-0612-L2,fact_to_question,claude,viticulture,2,recall,"In a study examining nitrogen fertilization of grapevines using urea, elevated N2O emissions were observed when nitrogen was applied at which rates under fertigation (NF) and soil surface (NS) application methods, respectively?","[{'id': 'A', 'text': '60 and 120 kg N ha-1 yr-1'}, {'id': 'B', 'text': '80 and 40 kg N ha-1 yr-1'}, {'id': 'C', 'text': '20 and 40 kg N ha-1 yr-1'}, {'id': 'D', 'text': '40 and 80 kg N ha-1 yr-1'}]",D,"[1] Grapevines cultivated with applications of 40 and 80 kg N ha-1 yr-1, in NF and NS modes, respectively, present-ed higher N2O emissions.",,,,,,,,,,,,"A1=PASS,A3=FAIL,B1=PASS,B2=WARN,C2=PASS,C4=FAIL",A3_FactEcho,drop_critical
9edf6b7f-9b4b-4266-bbda-b63c4b9917cc,WB-GRP-1240-L3,distractor_mining,claude,grape_varieties,1,analysis,"A red grape variety has extensive plantings across several Piedmontese zones, including the Langhe around Alba, as well as Asti and Monferrato. Which variety is being described?","[{'id': 'A', 'text': 'Sangiovese'}, {'id': 'B', 'text': 'Barbera'}, {'id': 'C', 'text': 'Dolcetto'}, {'id': 'D', 'text': 'Nebbiolo'}]",B,"[1] Sangiovese based wines have the potential to age but the vast majority of Sangiovese wines are intended to be consumed relatively early in their lives.
---
[2] In the Piedmont region, Barbera is widely grown in the Alba Langhe region and the Asti and Monferrato regions.
---
[3] Sangiovese was likely brought to the island sometime between 14th and 18th century when it was ruled by the Republic of Genoa.
---
[4] === Barolo & Barbaresco ===
The Piedmont region is considered the viticultural home of Nebbiolo and it is where the grape's most notable wines are made.
---
[5] Sangiovese more modern, Bordeaux-influenced wines have more plum and mulberry fruit with vanilla oak and spice.
---
[6] Dolcetto in the Oltrepò Pavese where it is called Nebbiolo or Nibièu.",,,,,,,,,,,,"A1=PASS,A3=PASS,A4=WARN,B1=PASS,B2=PASS,C2=PASS,C4=WARN",,warn_only
321ec8f2-3345-4637-86d9-f21d608d66cc,WB-PRD-0422-L2,fact_to_question,claude,producers,2,recall,"A Pomerol estate situated on the appellation's eastern edge, near the hamlet of Catusseau close to Saint-Émilion, sits in a grouping that includes Petit-Village, Vieux Château Certan, and La Conseillante. Which estate fits this description?","[{'id': 'A', 'text': 'Château Clinet'}, {'id': 'B', 'text': 'Château Gazin'}, {'id': 'C', 'text': 'Château Nénin'}, {'id': 'D', 'text': 'Château Beauregard'}]",D,"[1] Placed on the eastern outskirts of Pomerol and the hamlet Catusseau near Saint-Émilion, the estate lies in a cluster with Château Petit-Village, Vieux Château Certan and Château La Conseillante.",,,,,,,,,,,,"A1=PASS,A3=WARN,B1=PASS,B2=PASS,C2=PASS,C4=WARN",,warn_only
c9a12615-4ba3-4ad8-b222-2ad7b1b95d22,WB-GRP-0509-L1,template,template_only,grape_varieties,1,comprehension,"Based on the source fact, Riesling is cultivated in which country?","[{'id': 'A', 'text': 'Argentina'}, {'id': 'B', 'text': 'Australia'}, {'id': 'C', 'text': 'Austria'}, {'id': 'D', 'text': 'Canada'}]",B,[1] Riesling is a widely reviewed grape variety in Australia.,,,,,,,,,,,,"A1=PASS,A3=WARN,B1=PASS,B2=PASS,C2=PASS,C4=PASS",,warn_only
c3bb1170-337c-4e5e-ac8b-812901b6e8b3,WB-GRP-1012-L2,comparative,llama,grape_varieties,2,analysis,"Which wine region is located in the shrub-steppe eastern half of a state, where nearly all of the state's wine grape production takes place?","[{'id': 'A', 'text': 'Columbia Valley AVA'}, {'id': 'B', 'text': 'Willamette Valley AVA'}, {'id': 'C', 'text': 'Big Valley District-Lake County AVA'}, {'id': 'D', 'text': 'Washington wine'}]",D,"[1] While there are some viticultural activities in the cooler, wetter western half of the state, the majority (99.9%) of wine grape production takes place in the shrub-steppe eastern half.
---
[2] Big Valley District-Lake County AVA permits the Merlot grape variety.",,,,,,,,,,,,"A1=FAIL,A3=WARN,B1=FAIL,B2=PASS,C2=PASS,C4=PASS",B1_TriJudgeAnswer,drop_critical
5ee74b64-9e8c-4857-a1b7-e5840404512a,WB-PRD-0719-L4,distractor_mining,llama,producers,4,analysis,Which Spanish winery produces Cava under the Cava DOP appellation?,"[{'id': 'A', 'text': 'Cava Canals i Domingo'}, {'id': 'B', 'text': 'Vera de Estenas Viñedos y Bodegas'}, {'id': 'C', 'text': 'Cellers de Cal Ventosa'}, {'id': 'D', 'text': 'Caves Canals & Munné'}]",B,"[1] Cellers de Cal Ventosa winery is located in Banyeres del Penedès, Spain.
---
[2] Cava Canals i Domingo winery is located in Sant Sadurní d'Anoia, Spain.
---
[3] The Vera de Estenas Viñedos y Bodegas winery also produces Cava under the Cava DOP appellation.
---
[4] Caves Canals & Munné winery is located in Sant Sadurní d'Anoia, Spain.
---
[5] Since then, the winery has quickly built up a reputation for producing quality wines.",,,,,,,,,,,,"A1=PASS,A3=WARN,B1=PASS,B2=PASS,C2=PASS,C4=WARN",,warn_only
145fad2d-f613-471a-a05d-7a6f0c1c8df0,WB-PRD-0801-L1,template,template_only,producers,1,recall,Name the wine region where Château Marquis d'Alesme Becker is found.,"[{'id': 'A', 'text': 'Vouvray'}, {'id': 'B', 'text': 'France'}, {'id': 'C', 'text': 'Gauthier'}, {'id': 'D', 'text': 'Nice'}]",B,[1] Château Marquis d'Alesme Becker is a wine producer located in France.,,,,,,,,,,,,"A1=PASS,A3=WARN,B1=PASS,B2=WARN,C2=PASS,C4=WARN",,warn_only
47025bc5-2180-4cfc-aa8e-7e8652b8f2c5,WB-WMK-0442-L2,fact_to_question,claude,winemaking,1,recall,"In traditional Champagne production, how are base wines handled when they are considered too delicate to withstand first fermentation in oak barrels?","[{'id': 'A', 'text': 'They are chaptalized to increase structural weight'}, {'id': 'B', 'text': 'They are fermented in stainless steel or enameled vats'}, {'id': 'C', 'text': 'They are blended with reserve wines prior to fermentation'}, {'id': 'D', 'text': 'They undergo extended skin contact before pressing'}]",B,[1] Wines that will not hold up to first fermentation in wood are vinified in vats.,,,,,,,,,,,,"A1=PASS,A3=WARN,A4=WARN,B1=PASS,B2=FAIL,C2=PASS,C4=WARN",B2_ClosedBookSolvability,drop_critical
5c709895-14d8-4eb1-913b-16fa7d4352b2,WB-BIZ-0286-L4,distractor_mining,claude,wine_business,4,analysis,"A Spanish wine zone covers roughly 6,000 hectares of protected vineyards, yielding on average about 40 million kilograms of grapes each vintage, which translates to some 320,000 hectoliters of must. Which of the following entities is being described?","[{'id': 'A', 'text': 'Denominación de Origen (as an EU PDO category)'}, {'id': 'B', 'text': 'Cariñena DOP'}, {'id': 'C', 'text': 'Vega Sicilia'}, {'id': 'D', 'text': 'Condado de Huelva'}]",D,"[1] The protected area is approximately 6,000 ha, with an average grape production of 40 million kg, equivalent to 320,000 hl of must.
---
[2] Vega Sicilia's wines are recognised worldwide as some of the finest and most valued red wines on the market.
---
[3] In 2016, the use of the Denominación de Origen (DO) for wines was registered as a European Union Protected Designations of Origin/Denominación de Origen Protegida (PDO/DOP).
---
[4] The traditional robust, high alcohol content wines are still produced for local consumption, but now fruitier.",,,,,,,,,,,,"A1=PASS,A3=WARN,B1=FAIL,B2=PASS,C2=PASS,C4=PASS",B1_TriJudgeAnswer,drop_critical
54a60f1f-c46b-44b3-90f6-2bf4516f79ba,WB-REG-1582-L2,comparative,claude,wine_regions,1,analysis,"This American Viticultural Area is located in a coastal, maritime-influenced setting and encompasses a sub-AVA known as The Hamptons. Which AVA is being described?","[{'id': 'A', 'text': 'North Fork of Long Island AVA'}, {'id': 'B', 'text': 'Finger Lakes AVA'}, {'id': 'C', 'text': 'Long Island AVA'}, {'id': 'D', 'text': 'Paso Robles AVA'}]",C,"[1] Paso Robles AVA contains the Adelaida District AVA.
---
[2] Long Island AVA contains the The Hamptons AVA.",,,,,,,,,,,,"A1=PASS,A3=WARN,B1=PASS,B2=WARN,C2=PASS,C4=WARN",,warn_only
01b6fc7a-dfc6-40b0-9d23-0d8f279f42fe,WB-GRP-0713-L3,template,template_only,grape_varieties,3,application,A vigneron plans to plant 55% white varieties in a region known for this practice. Which of the following regions has a documented history of cultivating white varieties at this proportion?,"[{'id': 'A', 'text': 'Georgian wine'}, {'id': 'B', 'text': 'Primitivo'}, {'id': 'C', 'text': 'Lazio wine region'}, {'id': 'D', 'text': 'Argentine wine'}]",C,[1] Lazio wine region permits the 55% white varieties grape variety.,,,,,,,,,,,,"A1=PASS,A3=WARN,B1=PASS,B2=PASS,C2=PASS,C4=PASS",,warn_only
216e5413-5358-40ca-a266-3795c1f6ede0,WB-VIT-0271-L3,comparative,qwen,viticulture,3,analysis,Which of these American Viticultural Areas is defined by its location in a mountainous border region shared between Monterey and San Benito Counties in California?,"[{'id': 'A', 'text': 'Colesville AVA'}, {'id': 'B', 'text': 'Lime Kiln Valley AVA'}, {'id': 'C', 'text': 'High Valley AVA'}, {'id': 'D', 'text': 'Gabilan Mountains AVA'}]",D,"[1] The AVA encompasses 15,000 acres (23 sq mi).
---
[2] Gabilan Mountains is an American Viticultural Area (AVA) located in the mountainous region on the border in Monterey and San Benito Counties in California.",,,,,,,,,,,,"A1=PASS,A3=WARN,A4=WARN,B1=PASS,B2=WARN,C2=PASS,C4=PASS",,warn_only
3b43a152-94b2-4fc2-b7e0-619ae4668ede,WB-GRP-0895-L4,scenario_synthesis,llama,grape_varieties,4,application,"A US winemaker is deciding between two potential grape varieties to plant in their new vineyard. They are considering Nebbiolo and Durif, but want to ensure that whichever they choose will allow them to use the grape variety name on the label. Which of the following statements is true?","[{'id': 'A', 'text': 'Neither Nebbiolo nor Durif are approved grape variety names for US wine labels'}, {'id': 'B', 'text': 'Only Nebbiolo is an approved grape variety name for US wine labels'}, {'id': 'C', 'text': 'Only Durif is an approved grape variety name for US wine labels'}, {'id': 'D', 'text': 'Both Nebbiolo and Durif are approved grape variety names for US wine labels'}]",D,"[1] Nebbiolo is an approved grape variety name for use on US wine labels per TTB regulations.
---
[2] Petite Sirah is an approved synonym for Durif on US wine labels.
---
[3] Durif is an approved grape variety name for use on US wine labels per TTB regulations.",,,,,,,,,,,,"A1=PASS,A3=WARN,B1=PASS,B2=WARN,C2=PASS,C4=WARN",,warn_only
4c18adaf-e33e-428c-9489-b4726d6818f1,WB-REG-0868-L4,distractor_mining,claude,wine_regions,4,analysis,"Recognized on September 26, 1986 by the Bureau of Alcohol, Tobacco and Firearms, this appellation became the 87th in the United States and the third to be designated within its home state. Which AVA is being described?","[{'id': 'A', 'text': 'Mendocino Ridge AVA'}, {'id': 'B', 'text': 'Arkansas Mountain AVA'}, {'id': 'C', 'text': 'Madera AVA'}, {'id': 'D', 'text': 'Chiles Valley AVA'}]",B,"[1] The Mendocino Ridge AVA has been nicknamed ""Islands in the Sky,"" because the thick fog moving inland from the Pacific Ocean blankets the coast and the valleys between the ridge.
---
[2] Chiles Valley AVA was established as the nation's 136th, the state's 82nd and the county's thirteenth AVA on February 17, 1999 by the Bureau of Alcohol, Tobacco and Firearms (ATF).
---
[3] Arkansas Mountain AVA was established on September 26, 1986, as the nation's 87th and the state's third appellation by the Bureau of Alcohol, Tobacco and Firearms (ATF).
---
[4] Madera AVA was established on December 7, 1984, by the Bureau of Alcohol, Tobacco and Firearms (ATF), Treasury after reviewing the petition submitted by Mr.
---
[5] As of 2024, eight smaller sub-AVAs are nested within the Mendocino appellation that largely encompasses Mendocino County.
---
[6] The AVA is located between the Russian River and Anderson Valley.",,,,,,,,,,,,"A1=PASS,A3=FAIL,B1=PASS,B2=PASS,C2=PASS,C4=PASS",A3_FactEcho,drop_critical
11765675-88ed-49ec-971f-d9e62e47e545,WB-REG-0879-L2,fact_to_question,claude,wine_regions,1,recall,"The Portuguese wine sub-region of Castelo Rodrigo, centered on the town of Figueira de Castelo Rodrigo, sits immediately south of which major demarcated wine region and falls within which broader wine region?","[{'id': 'A', 'text': 'South of the Douro, within the greater Trás-os-Montes region'}, {'id': 'B', 'text': 'South of the Douro, within the greater Beiras region'}, {'id': 'C', 'text': 'South of the Minho, within the greater Alentejo region'}, {'id': 'D', 'text': 'South of the Dão, within the greater Tejo region'}]",B,[1] Castelo Rodrigo (Portuguese pronunciation: [kɐʃˈtɛlu ʁuˈdɾiɣu]) is a Portuguese wine region centered on the town of Figueira de Castelo Rodrigo in the wider Beiras wine region south of the Douro.,,,,,,,,,,,,"A1=PASS,A3=FAIL,B1=PASS,B2=WARN,C2=PASS,C4=FAIL",A3_FactEcho,drop_critical
f862317d-0ed8-4c12-a0fa-020c032bf9f8,WB-WMK-0261-L4,scenario_synthesis,claude,winemaking,4,analysis,"A winemaker at a mid-sized white wine producer is benchmarking a new off-dry cuvée against typical commercial mid-tier white wines (those that would score in the average quality band on consumer rating panels). Her lab returns the following numbers for her finished wine: volatile acidity 0.45 g/L, total SO2 95 mg/L, and residual sugar 6.0 g/L. She wants to know how her wine compares to the median profile of mid-tier commercial whites before deciding whether to make adjustments prior to bottling. Based on typical median values for this quality tier, what adjustment(s) should she consider?","[{'id': 'A', 'text': 'All three parameters are already close to the typical median for this tier; no adjustments are warranted.'}, {'id': 'B', 'text': 'Her residual sugar is far above the typical median, so she should consider fermenting the wine drier before bottling.'}, {'id': 'C', 'text': 'Her total SO2 is well above the typical median and her VA is below it; she should reduce SO2 additions.'}, {'id': 'D', 'text': 'Her volatile acidity is notably above the typical median and her total SO2 is below it; residual sugar is close to typical. She should address VA and review SO2 management.'}]",D,"[1] White wines rated 5-6 have a median volatile acidity of 0.26 g/L.
---
[2] White wines rated 5-6 have a median total sulfur dioxide of 140 mg/L.
---
[3] White wines rated 5-6 have a median residual sugar of 6.2 g/L.",,,,,,,,,,,,"A1=PASS,A3=WARN,B1=PASS,B2=PASS,C2=PASS,C4=PASS",,warn_only
57283430-f70e-4c06-8aff-329866b58ae7,WB-GRP-1252-L3,scenario_synthesis,llama,grape_varieties,3,application,A winemaker wants to produce a deeply colored rosé wine. Which of the following grape varieties would be the best choice as the primary grape for this style?,"[{'id': 'A', 'text': 'Muscat of Alexandria'}, {'id': 'B', 'text': 'Brachetto'}, {'id': 'C', 'text': 'None of the above'}, {'id': 'D', 'text': 'Muscat Hamburg'}]",D,"[1] Muscat of Alexandria is a white grape variety according to UC Davis FPS.
---
[2] Muscat Hamburg is a black grape variety according to UC Davis FPS.
---
[3] Brachetto is a black grape variety according to UC Davis FPS.",,,,,,,,,,,,"A1=PASS,A3=PASS,B1=FAIL,B2=PASS,C2=PASS,C4=PASS",B1_TriJudgeAnswer,drop_critical
5e3d591c-ef02-46e5-b3bb-b7a34e887a45,WB-GRP-0315-L3,comparative,llama,grape_varieties,3,analysis,Which Australian wine region permits the production of Cabernet Sauvignon wines?,"[{'id': 'A', 'text': 'Margaret River'}, {'id': 'B', 'text': 'Barossa Valley'}, {'id': 'C', 'text': 'Mudgee'}, {'id': 'D', 'text': 'Kangaroo Island'}]",D,"[1] Kangaroo Island wine region permits the | varietals = Cabernet Sauvignon grape variety.
---
[2] Mudgee wine region permits the | varietals =Shiraz grape variety.",,,,,,,,,,,,"A1=PASS,A3=WARN,A4=WARN,B1=PASS,B2=PASS,C2=PASS,C4=PASS",,warn_only
3a2fde21-2b41-4c5b-a664-e01a92870c10,WB-PRD-0843-L2,template,template_only,producers,2,recall,Decide True or False — DiMatteo Vineyards is a producer of the New Jersey wine region.,"[{'id': 'A', 'text': 'True'}, {'id': 'B', 'text': 'False'}]",A,[1] DiMatteo Vineyards is a wine producer located in New Jersey.,,,,,,,,,,,,"A1=PASS,A3=PASS,B1=PASS,B2=WARN,C2=PASS,C4=WARN",,warn_only
cb444d22-d7fb-4eb3-9c46-80f2638b85f2,WB-GRP-0933-L2,comparative,llama,grape_varieties,2,analysis,"Which grape variety is associated with the warm climate regions of Malmesbury, Wellington, and Paarl in South Africa?","[{'id': 'A', 'text': 'Tempranillo'}, {'id': 'B', 'text': 'Barbera'}, {'id': 'C', 'text': 'Sangiovese'}, {'id': 'D', 'text': 'Nebbiolo'}]",B,"[1] South African producers have begun widespread plantings of the grape in the warm climate regions of Malmesbury, Wellington and Paarl.
---
[2] Although the DOCG regulations for Barolo and Barbaresco require the wines to be made from Nebbiolo only, Nebbiolo Rosé remains permitted in practice.",,,,,,,,,,,,"A1=PASS,A3=FAIL,B1=FAIL,B2=PASS,C2=PASS,C4=WARN",B1_TriJudgeAnswer,drop_critical
81becd5c-f5b4-4532-a855-ae5dc42f03ca,WB-GRP-1231-L2,scenario_synthesis,qwen,grape_varieties,1,application,"A winemaker in a cool-climate German wine region is evaluating which white grape varieties to expand in their vineyard over the next five years. They are prioritizing varieties that have shown increasing demand both locally and internationally, particularly those associated with high-quality wine production. At the same time, they must account for the sensory profiles of traditional varieties currently in use—some of which are noted for their subtlety and neutrality—when planning shifts in planting. Given recent trends, which grape variety should the winemaker prioritize for new plantings to align with market demand and quality expectations?","[{'id': 'A', 'text': 'Grauer Burgunder, which has seen sustained plantings for its aromatic complexity'}, {'id': 'B', 'text': 'Weisser Burgunder, as it complements the region’s tradition of subtle white wines'}, {'id': 'C', 'text': 'Silvaner, due to its established presence and neutral profile that supports consistent blending'}, {'id': 'D', 'text': 'Riesling, in response to rising local and international demand for high-quality wines'}]",D,"[1] === Grape variety trends over time ===

During the last century several changes have taken place with respect to the most planted varieties.
---
[2] Grauer Burgunder or Ruländer (Pinot gris) Weisser Burgunder (Pinot blanc) Silvaner is another subtle, fairly neutral.
---
[3] Since several years ago there has been an increase in plantings of Riesling as local and international demand has been demanding high quality wines.",,,,,,,,,,,,"A1=PASS,A3=WARN,A4=WARN,B1=PASS,B2=WARN,C2=PASS,C4=WARN",,warn_only
39503090-e3f3-41b2-a6f1-4de3a5d40b16,WB-PRD-0359-L4,template,template_only,producers,4,recall,Identify the wine region in which Château Falfas is based.,"[{'id': 'A', 'text': 'Bayon-sur-Gironde'}, {'id': 'B', 'text': 'Beaune AOC'}, {'id': 'C', 'text': 'Hondarrabi Zuri'}, {'id': 'D', 'text': 'Covas do Douro'}]",A,[1] Château Falfas is a wine estate in Bayon-sur-Gironde.,,,,,,,,,,,,"A1=PASS,A3=WARN,B1=PASS,B2=WARN,C2=PASS,C4=WARN",,warn_only
4438de2d-41ad-4c98-841f-93d8508d57ed,WB-GRP-1071-L2,fact_to_question,qwen,grape_varieties,2,recall,In which wine-producing region do hybrid grape varieties represent close to one-fifth of total vineyard plantings for wine production?,"[{'id': 'A', 'text': 'Commonwealth of Virginia'}, {'id': 'B', 'text': 'Commonwealth of Pennsylvania'}, {'id': 'C', 'text': 'Commonwealth of Kentucky'}, {'id': 'D', 'text': 'Commonwealth of Australia'}]",A,[1] French hybrid varieties account for nearly 20% of total wine grape production in the commonwealth.,,,,,,,,,,,,"A1=PASS,A3=WARN,A4=WARN,B1=FAIL,B2=WARN,C2=PASS,C4=WARN",B1_TriJudgeAnswer,drop_critical
