uuid,public_qid,strategy,generator,domain,difficulty,cognitive_dim,question_text,options,correct_answer,source_facts,answer_correct,distractors_plausible,not_ambiguous,source_faithful,needs_source,no_vague_language,difficulty_match,cognitive_match,verbatim_copy,wine_category_leak,notes
7363d22d-f7cf-4257-b389-cdfcf84c6714,WB-GRP-0437-L3,template,template_only,grape_varieties,3,application,"A vigneron is considering planting Grenache in a region with an established track record. Per the fact, which region is documented as a home for this variety?","[{'id': 'A', 'text': 'Salado Creek AVA'}, {'id': 'B', 'text': 'San Luis Rey AVA'}, {'id': 'C', 'text': 'Carmel Winery'}, {'id': 'D', 'text': 'Soave (wine)'}]",B,[1] San Luis Rey AVA permits the Grenache grape variety.,,,,,,,,,,,
b7e20686-ee37-4d9a-a07e-c6f41e189b30,WB-REG-0436-L3,distractor_mining,claude,wine_regions,1,analysis,A California AVA located in the Santa Monica Mountains region received its official designation in 2006. Which appellation is being described?,"[{'id': 'A', 'text': 'Saddle Rock-Malibu AVA'}, {'id': 'B', 'text': 'Pine Mountain-Cloverdale Peak AVA'}, {'id': 'C', 'text': 'Yountville AVA'}, {'id': 'D', 'text': 'Eagle Peak Mendocino County AVA'}]",A,"[1] The Pine Mountain-Cloverdale Peak AVA was established in 2011 in California.
---
[2] The Eagle Peak Mendocino County AVA was established in 2014 in California.
---
[3] The Yountville AVA was established in 1999 in California.
---
[4] The Clear Lake AVA was established in 1984 in California.
---
[5] The Saddle Rock-Malibu AVA was established in 2006 in California.
---
[6] The Monticello AVA was established in 1984 in Virginia.",,,,,,,,,,,
d382062c-09f2-4b87-8d3a-1966f5a04cee,WB-REG-0427-L2,scenario_synthesis,qwen,wine_regions,1,application,"A viticulturist is evaluating two Chilean coastal wine regions for a new planting of aromatic white varieties. Both regions benefit from maritime influence, but in one region, the proximity to the Pacific Ocean results in stronger cooling effects due to the absence of a significant coastal mountain barrier. In the other, the Coastal Ranges not only buffer the oceanic current but also create a rain shadow, reducing precipitation. The goal is to select the site where the combination of cooling and low rainfall naturally supports lower disease pressure and slower ripening, favoring aromatic intensity and acid retention. Given these conditions, which region is more likely to produce the crisper, more aromatic profile the team seeks, based on its distinct physical relationship to the Pacific current and topographic exposure?","[{'id': 'A', 'text': 'The region where the Coastal Ranges act as a buffer and rain shadow, limiting rainfall and moderating oceanic influence'}, {'id': 'B', 'text': 'The region with the deepest alluvial soils, maximizing water retention and vine vigor'}, {'id': 'C', 'text': 'The region located at the highest elevation within the Andean foothills, regardless of coastal proximity'}, {'id': 'D', 'text': 'The region with direct exposure to the Pacific Ocean, lacking a mountain buffer, allowing unimpeded cool air and fog intrusion'}]",D,"[1] One of Chile's southern wine regions, it has become known for its crisp, aromatic wines.
---
[2] As in other Chilean wine regions, like the Casablanca Valley, San Antonio is highly influenced by the cooling effect of the Pacific Ocean which makes wine production possible in this.
---
[3] For the rest of Chile's wine regions, the Coastal Ranges serve a buffer from the current and also acts as a rain shadow.",,,,,,,,,,,
4f871f97-625a-4dd8-a935-de885b3a8727,WB-GRP-0450-L2,fact_to_question,qwen,grape_varieties,2,recall,Which of the following grape varieties is permitted for use in wines produced within the San Antonio Valley AVA?,"[{'id': 'A', 'text': 'Marsanne'}, {'id': 'B', 'text': 'Viognier'}, {'id': 'C', 'text': 'Roussanne'}, {'id': 'D', 'text': 'Grenache Blanc'}]",A,[1] San Antonio Valley AVA permits the Marsanne grape variety.,,,,,,,,,,,
53041ee0-b26c-4196-9e39-f5f119c9a539,WB-VIT-0387-L4,scenario_synthesis,gemini,viticulture,4,application,"A California estate director is addressing a mature vineyard block heavily impacted by fungal wood pathogens. The team is drafting a remediation protocol that addresses vine surgery, ongoing maintenance, and the surrounding estate landscaping. Based on established pest management guidelines, which comprehensive strategy should the director approve?","[{'id': 'A', 'text': 'Cease prophylactic wound protectants as they offer zero benefit to already-infected mature vines, establish replacement cordons from the existing upper trunk where the wood is cleanest, and remove the neighboring eucalyptus and olive trees.'}, {'id': 'B', 'text': 'Cease prophylactic wound protectants to save costs, establish replacement trunks from basal shoots since the disease primarily affects the higher permanent architecture, and plant a beneficial hedgerow of willow and big leaf maple.'}, {'id': 'C', 'text': 'Continue applying prophylactic wound protectants, avoid cutting the vines back since the pathogen is concentrated in the lower root system, and plant a beneficial hedgerow of California buckeye and Ceanothus to isolate the block.'}, {'id': 'D', 'text': 'Continue applying prophylactic wound protectants even though the block is older, establish replacement trunks from basal shoots because the disease primarily affects the higher permanent architecture, and eliminate the neighboring ornamental oleander and apricot trees.'}]",D,"[1] Although preventative practices are most effective in young vineyards (before the vines become infected by trunk diseases), these practices have some utility in diseased mature vineyards.
---
[2] There is a higher success rate when retraining a new trunk, as most of the infections are concentrated in the upper portions of the permanent vine framework.
---
[3] In California several plants in addition to cultivated grapevines serve as reservoirs for the pathogen including almond, apricot, apple, blueberry, cherry, crab apple, Ceanothus spp., kiwi, pear, oleander, and native plants (California buckeye, big leaf maple, and willow).",,,,,,,,,,,
f58ca79e-b27a-4205-84e6-f1f7928936e4,WB-PRD-0338-L2,template,template_only,producers,1,recall,Which region houses the producer Hecht & Bannier?,"[{'id': 'A', 'text': 'Languedoc-Roussillon'}, {'id': 'B', 'text': 'Côte-d’Or'}, {'id': 'C', 'text': 'Nuits-Saint-Georges AOC'}, {'id': 'D', 'text': 'Beaune AOC'}]",A,[1] Hecht & Bannier is a wine producer in the Languedoc-Roussillon region of France.,,,,,,,,,,,
7b016ac3-cfde-45b1-a49f-4d1bf841e77c,WB-GRP-0436-L2,template,template_only,grape_varieties,1,comprehension,"Given the fact, a producer working with Tannat would be operating in which country?","[{'id': 'A', 'text': 'US'}, {'id': 'B', 'text': 'Uruguay'}, {'id': 'C', 'text': 'Brazil'}, {'id': 'D', 'text': 'Ukraine'}]",B,[1] Tannat is a widely reviewed grape variety in Uruguay.,,,,,,,,,,,
0b52350d-fd5a-4ff9-bb9a-a359b010dad6,WB-GRP-0478-L3,comparative,claude,grape_varieties,3,analysis,"A grower is researching two small, lesser-known California AVAs for a planting project. One AVA's regulations sanction Cabernet Franc among its approved grapes, while another AVA — located in the Sierra foothills region — sanctions Carmenère. Which AVA pairing correctly matches each grape to the AVA that permits it?","[{'id': 'A', 'text': 'Cabernet Franc → Squaw Valley-Miramonte AVA; Carmenère → Calistoga AVA'}, {'id': 'B', 'text': 'Cabernet Franc → Calistoga AVA; Carmenère → Calistoga AVA'}, {'id': 'C', 'text': 'Cabernet Franc → Squaw Valley-Miramonte AVA; Carmenère → Squaw Valley-Miramonte AVA'}, {'id': 'D', 'text': 'Cabernet Franc → Calistoga AVA; Carmenère → Squaw Valley-Miramonte AVA'}]",D,"[1] Calistoga AVA permits the Cabernet Franc grape variety.
---
[2] Squaw Valley-Miramonte AVA permits the Carmenere grape variety.",,,,,,,,,,,
4fa57e32-d759-4205-aeb0-ca58a91dffd0,WB-GRP-0432-L4,template,template_only,grape_varieties,4,comprehension,"According to the fact, in which wine region is | varietals = cultivated?","[{'id': 'A', 'text': 'Corton (wine)'}, {'id': 'B', 'text': 'Bordeaux wine regions'}, {'id': 'C', 'text': 'Israeli wine'}, {'id': 'D', 'text': 'Ycoden-Daute-Isora'}]",D,[1] Ycoden-Daute-Isora permits the | varietals = grape variety.,,,,,,,,,,,
dd5373ff-a17e-4bb3-94c4-04596123461c,WB-GRP-0443-L2,fact_to_question,gemini,grape_varieties,1,recall,"When evaluating the similarly named cultivars Pedro Giménez and Pedro Ximénez, what conclusion have vine researchers reached regarding their connection?","[{'id': 'A', 'text': 'The former is a confirmed direct offspring of the latter.'}, {'id': 'B', 'text': 'They are identical genetic matches originating from the Iberian Peninsula.'}, {'id': 'C', 'text': 'They represent distinct color mutations of the same original vine.'}, {'id': 'D', 'text': 'They are separate cultivars whose genetic connection remains unverified.'}]",D,"[1] Despite the similar name, the Spanish wine grape Pedro Ximénez is a different variety with ampelographers are not yet certain if the two grapes are in any way related.",,,,,,,,,,,
bd7cd0cc-42ea-4843-8937-d3a499264f36,WB-GRP-0484-L2,scenario_synthesis,claude,grape_varieties,1,synthesis,"A winemaker in Tokaj is developing a breeding program aimed at creating a new white variety with better disease resistance than Furmint, which has proven vulnerable in their vineyards to one particular fungal pressure. As part of their research, they compile a list of existing crosses involving Furmint to understand parentage patterns. Which of the following correctly pairs a known Furmint cross with its other parent?","[{'id': 'A', 'text': 'Hárslevelű — Riesling Italico'}, {'id': 'B', 'text': 'Fubiano — Bouvier'}, {'id': 'C', 'text': 'Oremus (Zéta) — Bouvier'}, {'id': 'D', 'text': 'Bussanello — Trebbiano'}]",C,"[1] Furmint has also been used to create the Italian wine grapes Bussanello (with Riesling Italico) and Fubiano (with Trebbiano) and the Hungarian grape Oremus/Zéta (with Bouvier).
---
[2] Currently, there are only two known (or suspected) natural crossings of Furmint—the Tokaji wine grape Hárslevelű and the Swiss wine grape Plantscher.
---
[3] While the loose-bunches and thick-skins of the berries make Furmint ideal for producing botrytized dessert wines, the grape can be susceptible to the viticultural hazard of powdery mildew.",,,,,,,,,,,
6f0b018f-eba5-402a-af09-6998c3b84c4d,WB-PRD-0346-L2,fact_to_question,gemini,producers,1,recall,"Which estate, located in the county of Surrey, historically contained the most extensive vine plantings across England?","[{'id': 'A', 'text': 'Denbies Wine Estate'}, {'id': 'B', 'text': 'Ridgeview'}, {'id': 'C', 'text': 'Chapel Down'}, {'id': 'D', 'text': 'Nyetimber'}]",A,[1] The largest vineyard in England was Denbies Wine Estate in Surrey.,,,,,,,,,,,
c98c4334-2b84-4465-ba8c-103ff4d6a24d,WB-REG-0411-L2,fact_to_question,llama,wine_regions,2,recall,How far south does the Côte de Beaune extend from its northern boundary?,"[{'id': 'A', 'text': '25 km'}, {'id': 'B', 'text': '30 km'}, {'id': 'C', 'text': '20 km'}, {'id': 'D', 'text': '15 km'}]",A,[1] Côte de Beaune extends southwards for about 25 km to the river Dheune.,,,,,,,,,,,
f9e2eaaf-f025-4232-bda3-862047357eb1,WB-WMK-0291-L2,fact_to_question,gemini,winemaking,2,recall,"When dealing with underripe fruit during red wine production, what is the observed impact of prolonging skin contact time?","[{'id': 'A', 'text': 'It makes up for the lack of sugar accumulation by extracting higher levels of anthocyanins.'}, {'id': 'B', 'text': 'It successfully masks green, herbaceous flavors by extracting more mature seed tannins.'}, {'id': 'C', 'text': 'It significantly exacerbates the negative sensory traits associated with the lack of ripeness.'}, {'id': 'D', 'text': 'It fails to offset the lack of ripeness and does not amplify the underripe characteristics.'}]",D,[1] Extended maceration neither compensated for grape immaturity nor enhanced the effects of immaturity.,,,,,,,,,,,
79a15951-ded9-419e-841d-0ad17b86176e,WB-VIT-0383-L4,scenario_synthesis,chatgpt,viticulture,4,application,"A winery is preparing its first disease check of the season after seeing an early mildew event. The vineyard manager warns the winemaking team that the pathogen may have carried through winter either hidden in resting buds or in fruiting structures, so any shoot symptoms soon after budburst could point to one of those survival routes. To standardize the scouting plan 8 days after the first infection, which monitoring protocol best matches that risk assessment?","[{'id': 'A', 'text': 'At budburst, collect clusters rather than leaves from 20 vines and examine berry surfaces for spores.'}, {'id': 'B', 'text': 'Wait three weeks after the first infection, then sample one leaf from every vine in a single representative block.'}, {'id': 'C', 'text': 'Check the upper side of 20–30 young tip leaves from 8 edge-row vines, focusing only where visible lesions already appear.'}, {'id': 'D', 'text': 'Inspect the lower surface of 10–15 leaves taken from the basal portion of shoots on about 20 randomly selected vines.'}]",D,"[1] Comments on the Disease The fungus survives the winter as mycelia infecting tissue inside dormant buds or as chasmothecia (spore producing fruiting bodies).
---
[2] If the fungus overwintered as mycelia inside dormant buds, then emerging shoots may become diseased shortly after bud break.
---
[3] Seven to 10 days after this initial infection, monitor vineyards for the presence of powdery mildew by collecting 10 to 15 basal leaves from approximately 20 vines at random and examining the undersurface for powdery mildew spores.",,,,,,,,,,,
e00010bb-21d0-4509-86c1-b107171ec9bf,WB-GRP-0499-L3,scenario_synthesis,llama,grape_varieties,3,application,"A winemaker in Argentina is deciding whether to plant Malbec vines on grafted or ungrafted rootstock. The vineyard manager mentions that most of the country's 20,000+ hectares of Malbec are planted on ungrafted rootstock. What is the most likely reason for this practice?","[{'id': 'A', 'text': 'Grafted rootstock is significantly more expensive in Argentina compared to other countries'}, {'id': 'B', 'text': 'Ungrafted rootstock produces higher yields, which is a priority for Argentine winemakers'}, {'id': 'C', 'text': 'Argentine Malbec clusters are different from French Malbec, allowing them to be planted on ungrafted rootstock'}, {'id': 'D', 'text': 'The risk of phylloxera is higher in Argentina, necessitating the use of ungrafted rootstock'}]",C,"[1] Argentine wine clusters of Argentine Malbec are different from its French relatives.
---
[2] Because of this, most of the vineyards in Argentina are planted on ungrafted rootstock.
---
[3] As of 2003 there were over 20,000 ha (50,000 acres) of Malbec.",,,,,,,,,,,
ac8aa51e-274c-4c3b-95dd-ecb195dbda17,WB-WMK-0298-L2,fact_to_question,claude,winemaking,2,recall,"Beginning in the 1990s, South African winemakers increasingly adopted extended, cool fermentations for what primary purpose?","[{'id': 'A', 'text': 'To boost malolactic conversion and enhance buttery aromatics'}, {'id': 'B', 'text': 'To accelerate phenolic extraction and deepen tannin structure'}, {'id': 'C', 'text': 'To preserve residual sugar and produce off-dry styles'}, {'id': 'D', 'text': 'To reduce volatile esters and limit the influence of French and American oak'}]",D,"[1] Since the 1990s, more winemakers have used long and cool fermentation periods to minimise the volatile esters as well as exposure to French and American oak.",,,,,,,,,,,
b6c4e18f-d3f4-448e-b6f8-c38f66ace49f,WB-PRD-0335-L2,template,template_only,producers,2,recall,True or False: Heuriger und Weingut Karl Lentner is located in the Floridsdorf wine region.,"[{'id': 'A', 'text': 'True'}, {'id': 'B', 'text': 'False'}]",A,"[1] Heuriger und Weingut Karl Lentner is a wine producer in Floridsdorf, Austria.",,,,,,,,,,,
fa522e46-99ba-461c-8d06-589b735e7310,WB-GRP-0501-L3,distractor_mining,qwen,grape_varieties,1,analysis,"Which grape variety was historically cultivated across Catalonia and remained in use both prior to and following the phylloxera epidemic, distinguishing it by its long-standing presence in the region despite the devastation to vineyards?","[{'id': 'A', 'text': 'Sumoll'}, {'id': 'B', 'text': 'Abona (DO)'}, {'id': 'C', 'text': 'Bovale Grande'}, {'id': 'D', 'text': 'Granada (wine)'}]",A,"[1] Sherry permits the | varietals = grape variety.
---
[2] Abona (DO) permits the | varietals = grape variety.
---
[3] Priorat DOQ permits the 4.8 tn grape variety.
---
[4] Granada (wine) permits the | varietals = grape variety.
---
[5] The most widely planted is Bovale Grande (Carignan/Mazuelo) which has larger berries.
---
[6] Before and after phylloxera, the Sumoll was a variety of black grape widely grown throughout Catalonia.",,,,,,,,,,,
32202c60-7810-426b-a90a-8256f7a66eb2,WB-PRD-0330-L1,template,template_only,producers,1,application,A wine writer placing Benanti on a country-by-country map turns to the fact. Which country is specified?,"[{'id': 'A', 'text': 'Slovenia'}, {'id': 'B', 'text': 'Greece'}, {'id': 'C', 'text': 'Croatia'}, {'id': 'D', 'text': 'Italy'}]",D,[1] Benanti is a wine producer in the Sicily & Sardinia region of Italy.,,,,,,,,,,,
9f4535bd-724e-4b32-b5cb-38bfc8c1f10a,WB-GRP-0503-L3,distractor_mining,llama,grape_varieties,1,analysis,"Which grape variety is planted on over 1,800 hectares in the Bourgogne region, representing more than 90% of the total planted area in France for this variety?","[{'id': 'A', 'text': 'Chardonnay'}, {'id': 'B', 'text': 'Gamay'}, {'id': 'C', 'text': 'Pinot noir'}, {'id': 'D', 'text': 'Aligoté'}]",D,"[1] Gamay however, it can produce wines of distinction when planted on acidic soils.
---
[2] Corton wines are mostly red (around 95 per cent of the total production in the AOC) and made from the Pinot noir grape.
---
[3] The Bourgogne region is where the Aligoté grape flourishes best. Of the 2,000 hectares planted in France, more than 1,800 are in the Bourgogne.
---
[4] The Appellation d'origine contrôlée (AOC) Chassagne-Montrachet may be used for white wine and red with respectively Chardonnay and Pinot noir as the main grape variety.
---
[5] For white wines, the AOC regulations allow both Chardonnay and Pinot blanc to be used, but most wines are 100% Chardonnay.
---
[6] The grapes of the region are predominantly Pinot noir and Chardonnay with some Aligoté and Gamay also grown in vineyards spread over a stretch of 25 kilometers long and 7.",,,,,,,,,,,
ebb158db-8c91-4958-b991-98b8f9aeaec0,WB-BIZ-0263-L2,fact_to_question,claude,wine_business,2,recall,"Within the governance structure of Wines of South Africa (WOSA), which body is tasked with the sensory evaluation of wines for final certification, as well as reviewing their analytical data and addressing member inquiries?","[{'id': 'A', 'text': 'The Technical Committee'}, {'id': 'B', 'text': 'The Marketing Committee'}, {'id': 'C', 'text': 'The Executive Council'}, {'id': 'D', 'text': 'The Wine and Spirit Board'}]",A,"[1] The Technical Committee is responsible for the sensory judging of wine for final certification, judging the analytical data of wine for certification and handling requests from members and reports relating.",,,,,,,,,,,
437687f8-6b08-4e19-8a99-9536a4e9953d,WB-REG-0397-L1,template,template_only,wine_regions,1,application,"A buyer is routing a shipment of Clements Hills AVA wine. Based on the fact, which US state is the origin?","[{'id': 'A', 'text': 'Arizona'}, {'id': 'B', 'text': 'California'}, {'id': 'C', 'text': 'Colorado'}, {'id': 'D', 'text': 'Oregon'}]",B,[1] The Clements Hills AVA was established in 2006 in California.,,,,,,,,,,,
7353a791-575c-4424-884c-702f118e34c7,WB-GRP-0468-L3,comparative,qwen,grape_varieties,3,analysis,"Which grape variety is permitted in an AVA located in Washington state, specifically the Beverly AVA, but not in the Clear Lake AVA in California?","[{'id': 'A', 'text': 'Syrah'}, {'id': 'B', 'text': 'Cabernet Franc'}, {'id': 'C', 'text': 'Grenache'}, {'id': 'D', 'text': 'Petite Sirah'}]",B,"[1] Beverly, Washington AVA permits the Cabernet Franc grape variety.
---
[2] Clear Lake AVA permits the Grenache grape variety.",,,,,,,,,,,
7f6b0d26-b4c2-465d-8290-9b8f86053989,WB-GRP-0476-L2,comparative,claude,grape_varieties,1,analysis,"A French appellation permits both white wines made principally from Chardonnay and red wines made principally from Pinot Noir under its name. Which of the following appellations matches this dual-color, variety-specified classification framework?","[{'id': 'A', 'text': 'Beaujolais, which permits Chardonnay whites and Pinot Noir reds under one AOC'}, {'id': 'B', 'text': 'Beaujolais, which labels wines by grape variety rather than by appellation'}, {'id': 'C', 'text': 'Puligny-Montrachet, which covers both white (Chardonnay) and red (Pinot Noir) wines'}, {'id': 'D', 'text': 'Puligny-Montrachet, which is a varietally labeled appellation for Chardonnay only'}]",C,"[1] Beaujolais wine has a thin skin and is low in tannin, but like most AOC wines they are not labeled varietally.
---
[2] The Appellation d'origine contrôlée (AOC) Puligny-Montrachet may be used for white wine and red with respectively Chardonnay and Pinot noir as the main grape variety.",,,,,,,,,,,
0e3891d3-e04a-4210-921c-b678984de3c9,WB-GRP-0488-L2,scenario_synthesis,chatgpt,grape_varieties,1,application,"A Canadian winery is leaving fruit on the vine for a special frozen-grape bottling. The weather has stayed too mild late into the season, and the fruit sample now shows 34.5° Brix. The winemaking team also knows that only a tiny quantity may be picked even in a successful year, and that waiting too long without a proper freeze risks decay that can wipe out the crop. Based on these constraints, what is the most accurate conclusion for the team?","[{'id': 'A', 'text': 'They can wait without much concern, since rot is not a major issue for frozen-grape production as long as the fruit remains on the vine.'}, {'id': 'B', 'text': 'They should pick immediately, because once grapes are close to 35° Brix they automatically satisfy the standard for the designation.'}, {'id': 'C', 'text': 'They are in danger of losing the fruit to spoilage if the cold snap keeps delaying, and at 34.5° Brix the grapes still do not meet the minimum required for this wine style.'}, {'id': 'D', 'text': 'They should proceed, because any naturally chilled fruit can qualify even below 35° Brix if volumes are very small.'}]",C,"[1] If the sugar level in the grapes measures less than 35° Brix, then they may not be used for icewine, a minimum considerably higher than that of German Eiswein.
---
[2] Hillebrand and Pelee Island were able to harvest a minuscule amount of frozen grapes.
---
[3] If a freeze does not come quickly enough, the grapes may rot and the crop will be lost.",,,,,,,,,,,
ddfa1938-d455-43a5-bca5-0e78fe1ffb03,WB-PRD-0339-L2,fact_to_question,llama,producers,1,recall,In which year was the first recorded wine production in South Africa?,"[{'id': 'A', 'text': '1663'}, {'id': 'B', 'text': '1659'}, {'id': 'C', 'text': '1661'}, {'id': 'D', 'text': '1657'}]",B,"[1] == History ==

On 2 February 1659 the founder of Cape Town, Jan van Riebeeck, produced the first wine recorded in South Africa.",,,,,,,,,,,
d3a37708-7ece-47ff-8916-8840af05e398,WB-GRP-0459-L2,fact_to_question,chatgpt,grape_varieties,2,recall,Which grape is identified as the variety used for Chateau DYchem Sauterne?,"[{'id': 'A', 'text': 'Muscadelle'}, {'id': 'B', 'text': 'Sauvignon Blanc'}, {'id': 'C', 'text': 'Semillon'}, {'id': 'D', 'text': 'Chenin Blanc'}]",B,[1] Chateau DYchem Sauterne is made from Sauvignon Blanc Grape.,,,,,,,,,,,
ebf9a428-2098-4f5c-9dc0-2e52570d8a1b,WB-PRD-0334-L3,template,template_only,producers,3,recall,Indicate True or False: Escarpment operates in the Martinborough wine region.,"[{'id': 'A', 'text': 'True'}, {'id': 'B', 'text': 'False'}]",A,[1] Escarpment is a wine producer in the Martinborough region of New Zealand.,,,,,,,,,,,
b383f760-9d8d-4c2c-b0bd-b5c45d1a9f77,WB-REG-0429-L4,distractor_mining,chatgpt,wine_regions,4,analysis,Which appellation matches this production-limit clue: its authorized crop ceiling is 37 hectoliters per hectare?,"[{'id': 'A', 'text': 'Condrieu'}, {'id': 'B', 'text': 'Pommard'}, {'id': 'C', 'text': 'Médoc'}, {'id': 'D', 'text': 'Hermitage'}]",A,"[1] Sauternes AOC permits Sémillon, Sauvignon Blanc, Muscadelle for white wine production.
---
[2] Hermitage AOC permits Marsanne, Roussanne for white wine production.
---
[3] The maximum yield for Pommard AOC is 42 hl/ha.
---
[4] Meursault AOC permits Chardonnay for white wine production.
---
[5] The maximum yield for Médoc AOC is 60 hl/ha.
---
[6] The maximum yield for Condrieu AOC is 37 hl/ha.",,,,,,,,,,,
c4177d2e-a436-4681-9fc0-799c5c4f78b1,WB-GRP-0461-L2,comparative,llama,grape_varieties,2,analysis,Which of these two Italian wines has a non-protected designation when made outside of its DOC/DOCG region?,"[{'id': 'A', 'text': 'Recioto di Soave'}, {'id': 'B', 'text': 'Soave'}, {'id': 'C', 'text': 'Soave Superiore'}, {'id': 'D', 'text': 'Prosecco'}]",D,"[1] Glera grapes made in a Prosecco style outside the DOC/DOCG have a non-protected designation, such as ""IGT Veneto"".
---
[2] === Other wines === The grape requirements for Recioto di Soave DOCG wines are the same as for basic Soave.",,,,,,,,,,,
34f3b852-e8ee-470d-88aa-f1cf4eada5ce,WB-GRP-0462-L2,comparative,llama,grape_varieties,1,analysis,Which grape variety is associated with wines that have high acidity and tannin?,"[{'id': 'A', 'text': 'Sangiovese'}, {'id': 'B', 'text': 'Barbera'}, {'id': 'C', 'text': 'Dolcetto'}, {'id': 'D', 'text': 'Nebbiolo'}]",D,"[1] Modern winemakers have devised many techniques trying to find ways to add body and texture to Sangiovese — ranging from using grapes that come from extremely low yielding vines.
---
[2] == Wines ==

Wines made from Nebbiolo are characterized by their ample amounts of acidity and tannin.",,,,,,,,,,,
725eba0d-3dd1-4a48-8806-f0c9786b1afe,WB-GRP-0486-L3,scenario_synthesis,claude,grape_varieties,1,application,"A Kakheti-based producer is planning a vintage dessert white wine sourced from a single vineyard block in the Gurjaani district. The winemaker wants the finished wine to carry the regional appellation name traditionally given to a sweet white made from fruit grown in the Kardanakhi vineyards. To remain faithful to that style, which single grape variety must be used for this bottling?","[{'id': 'A', 'text': 'Saperavi dried on mats to raise sugar levels before pressing'}, {'id': 'B', 'text': 'Mtsvane exclusively, harvested late from Kardanakhi'}, {'id': 'C', 'text': 'Rkatsiteli exclusively, grown in the Kardanakhi vineyards'}, {'id': 'D', 'text': 'A co-fermented blend of Rkatsiteli and Mtsvane in the Kakhetian proportions'}]",C,"[1] Saamo is a vintage dessert white sweet wine is made from the Rkatsiteli grape variety cultivated in the Kardanakhi vineyards of the Gurjaani district in Kakheti.
---
[2] Georgian wine is made from the Rkatsiteli and Mtsvane grape varieties according to the Kakhetian recipe.
---
[3] Georgian wine contains 18% alcohol, 10% sugar and has 4-6% titrated acidity.",,,,,,,,,,,
cde78c0f-90f1-4870-892f-ae713b5ccd3c,WB-GRP-0438-L4,template,template_only,grape_varieties,4,application,A wine merchant looking for authentic Cabernet Sauvignon-based wines consults the fact. Which region should they target?,"[{'id': 'A', 'text': 'Sussex wine'}, {'id': 'B', 'text': 'Mudgee wine region'}, {'id': 'C', 'text': 'Wine of Origin'}, {'id': 'D', 'text': 'Mosel wine region'}]",B,[1] Mudgee wine region permits the Cabernet Sauvignon grape variety.,,,,,,,,,,,
ca7caa88-f571-437c-8fb0-23fedbab28e9,WB-GRP-0433-L4,template,template_only,grape_varieties,4,comprehension,"Given the fact, which region is a documented home for Cabernet Sauvignon?","[{'id': 'A', 'text': 'Mosel wine region'}, {'id': 'B', 'text': 'Wine of Origin'}, {'id': 'C', 'text': 'Mudgee wine region'}, {'id': 'D', 'text': 'Sussex wine'}]",C,[1] Mudgee wine region permits the Cabernet Sauvignon grape variety.,,,,,,,,,,,
366a30a9-78ac-4632-841f-46986f5a7b09,WB-GRP-0482-L2,scenario_synthesis,gemini,grape_varieties,1,application,"A domestic winemaking facility is preparing to bottle three distinct single-varietal lots from the recent harvest. The marketing department submits draft front labels that prominently display ""Muscadine"", ""Fredonia"", and ""Grenache Gris"" as the sole varietal identifiers. During the final compliance check against federal rules governing permissible grape nomenclature, what determination should the regulatory manager make regarding these specific drafts?","[{'id': 'A', 'text': 'The Muscadine draft is compliant, but Fredonia and Grenache Gris are classified as proprietary terms requiring a special administrative waiver for label use.'}, {'id': 'B', 'text': 'The Fredonia and Grenache Gris drafts are compliant, but the Muscadine label must be rejected unless it specifies a precise cultivar like Scuppernong.'}, {'id': 'C', 'text': 'Only the Grenache Gris draft is compliant; the other two must be classified generically because non-vinifera species are excluded from the authorized federal registry.'}, {'id': 'D', 'text': 'All three identifiers are federally authorized and can be legally printed as the designated grape varieties.'}]",D,"[1] Muscadine is an approved grape variety name for use on US wine labels per TTB regulations.
---
[2] Fredonia is an approved grape variety name for use on US wine labels per TTB regulations.
---
[3] Grenache Gris is an approved grape variety name for use on US wine labels per TTB regulations.",,,,,,,,,,,
f9040411-20c7-406d-84e7-af5dfc89a4ef,WB-GRP-0475-L3,comparative,gemini,grape_varieties,1,analysis,"When comparing the approved grape varieties for two specific American Viticultural Areas, one region officially allows the inclusion of Cabernet Franc, whereas another specifically approves Pinot blanc. Which pair correctly identifies the region allowing Cabernet Franc followed by the region allowing Pinot blanc?","[{'id': 'A', 'text': 'Chalone AVA and Willamette Valley AVA'}, {'id': 'B', 'text': 'Willamette Valley AVA and Chalone AVA'}, {'id': 'C', 'text': 'Dundee Hills AVA and Chalone AVA'}, {'id': 'D', 'text': 'Willamette Valley AVA and Santa Cruz Mountains AVA'}]",B,"[1] Willamette Valley AVA permits the Cabernet Franc grape variety.
---
[2] Chalone AVA permits the Pinot blanc grape variety.",,,,,,,,,,,
255c569e-0e23-4943-8d45-43c1fd7a2e63,WB-GRP-0487-L2,scenario_synthesis,claude,grape_varieties,1,synthesis,"A producer in Emilia-Romagna is finalizing a blend dominated by Sangiovese from a vintage where the fruit came in at moderate ripeness with somewhat green tannins and bright acidity. The winemaker has small parcels of Cabernet Sauvignon available and is deciding how to use them. Based on the historical understanding of Sangiovese as a monovarietal versus a blending component, and on how it interacts with Cabernet Sauvignon, what is the most defensible decision?","[{'id': 'A', 'text': 'Add a modest proportion of Cabernet Sauvignon — around 4–5% — without concern, because at that level the Cabernet cannot influence the final wine'}, {'id': 'B', 'text': 'Avoid Cabernet Sauvignon entirely and instead make a varietal Sangiovese, relying on extended maceration to soften the acidity and hardness'}, {'id': 'C', 'text': 'Bottle the Sangiovese as a 100% varietal wine, since blending has historically been shown to diminish its character'}, {'id': 'D', 'text': 'Blend in Cabernet Sauvignon only if the Cabernet fruit is of high quality, keeping the addition small, since even 4–5% can dominate Sangiovese when the Cabernet fruit is mediocre'}]",D,"[1] Even percentages as low as 4 to 5% of Cabernet Sauvignon can overwhelm the Sangiovese if the fruit quality is not high.
---
[2] In 1738, Cosimo Trinci described wines made from Sangiovese as excellent when blended with other varieties but hard and acidic when made as a wine by itself.
---
[3] Significant Sangiovese plantings can also be found outside central Italy in Lombardia, Emilia-Romagna, Valpolicella.",,,,,,,,,,,
ccc09a8f-1266-409c-8553-12f0b40600c0,WB-REG-0396-L1,template,template_only,wine_regions,1,application,"A buyer is routing a shipment of Sonoma Coast AVA wine. Based on the fact, which US state is the origin?","[{'id': 'A', 'text': 'Colorado'}, {'id': 'B', 'text': 'California'}, {'id': 'C', 'text': 'Oregon'}, {'id': 'D', 'text': 'Arizona'}]",B,[1] The Sonoma Coast AVA was established in 1987 in California.,,,,,,,,,,,
3b471de6-595c-4936-a6db-10c622f536fd,WB-REG-0430-L4,distractor_mining,gemini,wine_regions,4,analysis,Which of the following American Viticultural Areas received its official federal designation during the year 1981?,"[{'id': 'A', 'text': 'San Pasquale Valley'}, {'id': 'B', 'text': 'Ozark Mountain'}, {'id': 'C', 'text': 'Northern Neck George Washington Birthplace'}, {'id': 'D', 'text': 'Lake Michigan Shore'}]",A,"[1] The Sonoma Valley AVA was established in 1981 in California.
---
[2] The Northern Neck George Washington Birthplace AVA was established in 1987 in Virginia.
---
[3] The Crest of the Blue Ridge Henderson County AVA was established in 2019 in North Carolina.
---
[4] The Lake Michigan Shore AVA was established in 1983 in Michigan.
---
[5] The Ozark Mountain AVA was established in 1986.
---
[6] The San Pasquale Valley AVA was established in 1981 in California.",,,,,,,,,,,
90f9daa2-658a-49d2-944d-5b8dfab3d5b1,WB-GRP-0470-L2,comparative,qwen,grape_varieties,2,analysis,"In which of these wine regions is a red grape variety known for its use in Right Bank blends permitted, as opposed to a white aromatic variety associated with the northern Rhône?","[{'id': 'A', 'text': 'Salado Creek AVA, where Viognier is permitted'}, {'id': 'B', 'text': 'Yorkville Highlands AVA, where Viognier is permitted'}, {'id': 'C', 'text': 'Salado Creek AVA, where Cabernet Franc is permitted'}, {'id': 'D', 'text': 'Yorkville Highlands AVA, where Cabernet Franc is permitted'}]",D,"[1] Yorkville Highlands AVA permits the Cabernet Franc grape variety.
---
[2] Salado Creek AVA permits the Viognier grape variety.",,,,,,,,,,,
d88433a9-e8de-41a4-895e-9744964e7e33,WB-GRP-0495-L2,scenario_synthesis,qwen,grape_varieties,1,application,"A winemaking team in eastern Georgia is planning a heritage-focused project to highlight ancient grape varieties native to the region. They are selecting a cultivar that has deep historical roots in the country, was once dominant across a large former political union, and is now being promoted as part of local wine tourism initiatives centered in a major eastern wine-producing zone. The team aims to emphasize its significance through educational tastings and vineyard tours. Given these goals, which grape variety should they feature to align with all three criteria: indigenous origin, past large-scale cultivation across a broad territory, and current inclusion in regional tourism development?","[{'id': 'A', 'text': 'Saperavi'}, {'id': 'B', 'text': 'Khikhvi'}, {'id': 'C', 'text': 'Rkatsiteli'}, {'id': 'D', 'text': 'Mtsvane'}]",C,"[1] In Georgia, Rkatsiteli is not only widely cultivated but also featured in wine tourism experiences, especially in the Kakheti region.
---
[2] == History ==
This ancient vinifera originates in Georgia and is believed to be one of the oldest grape varieties.
---
[3] Rkatsiteli was the most widely planted grape variety in the Soviet Union and, by 1978, was responsible for 18% of all Soviet wine production.",,,,,,,,,,,
1fccd5d7-784b-43cd-9f47-470764584d2b,WB-GRP-0502-L4,distractor_mining,qwen,grape_varieties,4,analysis,Which historical figure is associated with the development of disease-resistant grape varieties that enabled viticulture in regions where phylloxera and fungal pressures had previously prevented the successful cultivation of traditional Vitis vinifera due to susceptibility issues?,"[{'id': 'A', 'text': 'Okanagan wine'}, {'id': 'B', 'text': 'Canadian wine'}, {'id': 'C', 'text': 'Adhémar de Chaunac'}, {'id': 'D', 'text': 'Icewine'}]",C,"[1] Icewine the raisin-like grapes were harvested late enough for the first frost to have fallen.
---
[2] Canadian wine whereas primarily domestic wines that contain foreign grapes are designated ""International blend from domestic and imported wines"".
---
[3] Adhémar de Chaunac disease conditions that had made the use of traditional Vitis vinifera varieties impossible in North American viticulture at that time.
---
[4] Okanagan wine permits the Chardonnay & others grape variety.
---
[5] Icewine grapes are often downgraded to a lower designation, such as Special Select Late Harvest or Select Late Harvest.
---
[6] == History ==
There are indications that frozen grapes were used to make wine in Roman times.",,,,,,,,,,,
6e54ed8b-5429-4958-bcd6-8b52824223ce,WB-GRP-0439-L4,template,template_only,grape_varieties,4,application,"A viticulture consultant maps established sites for | varietals =. Per the fact, which region is listed?","[{'id': 'A', 'text': 'Ycoden-Daute-Isora'}, {'id': 'B', 'text': 'Bordeaux wine regions'}, {'id': 'C', 'text': 'Israeli wine'}, {'id': 'D', 'text': 'Corton (wine)'}]",A,[1] Ycoden-Daute-Isora permits the | varietals = grape variety.,,,,,,,,,,,
cd6f9339-8258-470e-b446-8983a39da9a8,WB-GRP-0431-L3,template,template_only,grape_varieties,3,comprehension,"According to the fact, in which wine region is Alicante Bouschet cultivated?","[{'id': 'A', 'text': 'Carmel Valley AVA'}, {'id': 'B', 'text': 'San Luis Rey AVA'}, {'id': 'C', 'text': 'Salado Creek AVA'}, {'id': 'D', 'text': 'Israeli wine'}]",A,[1] Carmel Valley AVA permits the Alicante Bouschet grape variety.,,,,,,,,,,,
38d886a5-e599-4462-89db-b8f560e9e27d,WB-GRP-0490-L3,scenario_synthesis,chatgpt,grape_varieties,1,synthesis,"A winemaker is evaluating whether to expand production around a little-known white grape already trialed in California plus Colorado's Grand Valley and West Elks, and also grown in China under the name Baiyu. The team wants a style with more lifted fruit and perfume, so they are considering blending it with Mtsvane. In a strategy meeting, the owner says the grape once had an enormous global footprint before a Soviet-era vine removal campaign sharply reduced plantings. Which grape best fits all of those details?","[{'id': 'A', 'text': 'Rkatsiteli'}, {'id': 'B', 'text': 'Mtsvane'}, {'id': 'C', 'text': 'Baiyu'}, {'id': 'D', 'text': 'A generic aromatic white blend category'}]",A,"[1] Rkatsiteli is sometimes blended with Mtsvane to create a fruity, aromatic wine.
---
[2] There have also been some experimental plantings in California, the Grand Valley AVA and West Elks AVA of Colorado and China (where the grape is known as Baiyu).
---
[3] Before President Gorbachev's vine pull scheme, it was possibly the world's most widely planted white wine grape.",,,,,,,,,,,
2aa83701-009c-4c8a-a0c9-098fc9eb4fba,WB-GRP-0469-L2,comparative,qwen,grape_varieties,2,analysis,Which of these California AVAs includes a permitted grape variety known for its role in white Burgundy and widely planted in cool-climate regions for still and sparkling wines?,"[{'id': 'A', 'text': 'Oak Knoll District of Napa Valley AVA'}, {'id': 'B', 'text': 'Chalone AVA'}, {'id': 'C', 'text': 'North Yuba AVA'}, {'id': 'D', 'text': 'Yorkville Highlands AVA'}]",C,"[1] Oak Knoll District of Napa Valley AVA permits the Cabernet Franc grape variety.
---
[2] North Yuba AVA permits the Chardonnay grape variety.",,,,,,,,,,,
42519e79-b0cd-475b-ba53-10119142a0aa,WB-REG-0434-L3,distractor_mining,qwen,wine_regions,3,analysis,"This Bordeaux appellation, adjacent to a more famous Right Bank commune, is known for producing deeply colored red wines dominated by Merlot, with a rustic charm and approachable structure. The area hosts informal weekend tastings where visitors share convivial moments with local vintners. Its vineyards benefit from rolling hills offering panoramic vistas, contributing to a sense of terroir-driven authenticity. Which appellation is described?","[{'id': 'A', 'text': 'Regional Bordeaux AOCs'}, {'id': 'B', 'text': 'Castillon'}, {'id': 'C', 'text': 'Montagne-Saint-Émilion AOC'}, {'id': 'D', 'text': 'Pessac-Léognan'}]",B,"[1] 1,507 hectares (3,720 acres) of vine planted areas have belonged to the appellation in 2024, with a production of 57,741 hectolitres (1,270,100 imp gal; 1,525,400 US gal).
---
[2] Bordeaux wine (Occitan: vin de Bordèu; French: vin de Bordeaux) is produced in the Bordeaux region of southwest France, around the city of Bordeaux, on the Garonne River.
---
[3] Unlike most Bordeaux appellations, Pessac-Léognan is equally famous for both red and (dry) white wines.
---
[4] Unlike most Bordeaux appellations, Pessac-Léognan is equally famous for both red and (dry) white wines, although red wine is still predominant.
---
[5] In the Bordeaux wine region there are seven regional Appellations d'origine contrôlée (AOCs) that may be used throughout the Gironde department.
---
[6] Neighbouring Saint-Émilion, the Castillon area has stories in every bottle. Join the locals for a weekend of relaxed tastings and open-hearted exchanges. Expect bold reds, great views.",,,,,,,,,,,
fd42dcf8-eceb-447a-abe6-8947a0ffd83f,WB-GRP-0493-L2,scenario_synthesis,qwen,grape_varieties,2,analysis,"A viticulturist in central Chile is evaluating site suitability for expanding red wine grape plantings. The target variety requires mid-season ripening, thrives under high solar exposure due to thick skins, and contributes deeply colored wines with structured tannins. Current regional plantings of this variety are concentrated in the Maule, Colchagua, and Biobío regions, where total national hectarage stands at 2,361. Given these conditions, which grape is the viticulturist most likely considering for propagation?","[{'id': 'A', 'text': 'Syrah'}, {'id': 'B', 'text': 'Malbec'}, {'id': 'C', 'text': 'Carmenère'}, {'id': 'D', 'text': 'Cabernet Franc'}]",B,"[1] The Malbec grape is a thick-skinned grape and needs more sun and heat than either Cabernet Sauvignon or Merlot to mature.
---
[2] Malbec ripens mid-season and can bring very deep color, ample tannin.
---
[3] Chile has 2,361 hectares planted with Malbec, the main places are Colchagua Valley in O'Higgins Region, Maule Region and Bio-Bio Region.",,,,,,,,,,,
371a20b7-92aa-4eca-9bab-effc47886e47,WB-REG-0403-L2,fact_to_question,qwen,wine_regions,1,recall,"A southern Rhône appellation mandates the use of six white grape varieties in its permitted blend, among which are Grenache Blanc, Clairette, and Bourboulenc. Which designation allows these three varieties as part of its white varietal roster?","[{'id': 'A', 'text': 'Côtes de Provence AOC'}, {'id': 'B', 'text': 'Saint-Joseph AOC'}, {'id': 'C', 'text': 'Marsannay AOC'}, {'id': 'D', 'text': 'Châteauneuf-du-Pape AOC'}]",D,"[1] Châteauneuf-du-Pape AOC permits 6 grape varieties for white wine including Grenache Blanc, Clairette, Bourboulenc.",,,,,,,,,,,
40dc62d6-159d-4812-9223-e666f2864686,WB-GRP-0492-L2,scenario_synthesis,qwen,grape_varieties,1,application,"A viticulturist in a coastal Mediterranean region is assessing a historic vineyard site on steep, rocky slopes with minimal rainfall. The area has a documented history of grape cultivation dating back to ancient Greek colonization, and recent efforts are focused on reviving indigenous varieties on karst terrain using traditional dry-farming methods. Given that the region once had over 44,000 hectares of vines before a major phylloxera-driven decline in the late 1800s, which of the following best explains the significance of the current terroir-focused revival in relation to the region's viticultural trajectory?","[{'id': 'A', 'text': 'The return to low-input viticulture on karst slopes reflects a reconnection with pre-phylloxera practices rooted in ancient traditions and constrained by natural conditions.'}, {'id': 'B', 'text': 'Modern replanting after phylloxera has prioritized flat alluvial plains to maximize mechanization and output, moving away from hillside sites.'}, {'id': 'C', 'text': ""The revival leverages the region's long-standing suitability for high-yield, irrigated vineyards established during the 20th century.""}, {'id': 'D', 'text': 'The current expansion is primarily based on international varieties planted in fertile valley soils to meet bulk wine demand.'}]",A,"[1] Croatian wine on the islands, grapes are grown on the karst hillside, sometimes steep slopes with little rainfall.
---
[2] The start of grape cultivation and wine production in Croatia is related to the Ancient Greeks settlers, who arrived on the Croatian coast in the 5th century BC.
---
[3] At the end of the 19th century, the area under vine was 44 000 ha but this decreased dramatically after phylloxera struck the region.",,,,,,,,,,,
394df93a-86dd-42af-ae62-280385de8c27,WB-REG-0419-L3,scenario_synthesis,gemini,wine_regions,1,synthesis,"A viticultural team in Quebec is preparing for their inaugural late-season sweet wine harvest. Because they plan to pick during the freezing pre-dawn hours, they are finalizing their field equipment rentals. Furthermore, the winemaker is setting the fermentation parameters to match the typical profile for this specific style across the nation's wine-producing regions. Based on standard practices for this category, which combination of harvest equipment and target fermentation metrics should the team prepare?","[{'id': 'A', 'text': 'Renting portable power units to run illumination systems, while targeting a final ethanol concentration between 8 and 13 percent.'}, {'id': 'B', 'text': 'Deploying mobile heating fans to slightly thaw the clusters before picking, while stopping fermentation early to ensure the final ethanol concentration remains strictly under 8 percent.'}, {'id': 'C', 'text': 'Renting portable power units to run illumination systems, while stopping fermentation early to ensure the final ethanol concentration remains strictly under 8 percent.'}, {'id': 'D', 'text': 'Deploying mobile heating fans to slightly thaw the clusters before picking, while targeting a final ethanol concentration between 8 and 13 percent.'}]",A,"[1] However, it is also produced in all other wine growing provinces of Canada, including British Columbia, Quebec.
---
[2] Icewines produced in Canada usually have higher alcohol content, between 8 and 13 percent.
---
[3] The production has been assisted by other technological inventions in the form of electric lighting driven by portable generators (to assist harvest in the cold hours of early-morning darkness.",,,,,,,,,,,
4fddaa20-8cb7-4058-b7ae-17ba5960e22a,WB-PRD-0347-L2,fact_to_question,chatgpt,producers,2,recall,"Among the three consecutive vintages 1988, 1989, and 1990, which year was issued first in the Krug Collection after the house chose to release it ahead of the 1988 edition?","[{'id': 'A', 'text': '1989'}, {'id': 'B', 'text': '1988'}, {'id': 'C', 'text': '1991'}, {'id': 'D', 'text': '1990'}]",A,"[1] Champagne Krug is the first vintage from the trilogy of 1988, 1989 and 1990 to be released as part of Krug Collection, preceding 1988 upon the House's decision.",,,,,,,,,,,
21e841f5-9c05-46f4-9119-3502bef36e04,WB-REG-0431-L3,distractor_mining,llama,wine_regions,1,analysis,Which Spanish wine region is situated between the rivers Jalón and Huerva?,"[{'id': 'A', 'text': 'Penedès'}, {'id': 'B', 'text': 'Ribera del Guadiana'}, {'id': 'C', 'text': 'Campo de Cariñena'}, {'id': 'D', 'text': 'Valle de Güímar'}]",C,"[1] Valle de Güímar is a Spanish Denominación de Origen Protegida (DOP) for wines located along the south-eastern coastline of Tenerife (Canary Islands, Spain).
---
[2] Lanzarote is a Spanish Denominación de Origen Protegida (DOP) for wines that covers the entire island of Lanzarote, in the Canary Islands, Spain.
---
[3] 'red wine of summer') is a cold, wine-based drink popular in Spain.
---
[4] Penedès (Catalan pronunciation: [pənəˈðɛs]) is a Spanish Denominación de Origen Protegida (DOP) (Denominació d'Origen Protegida in Catalan) for wines in Catalonia, (Spain).
---
[5] Ribera del Guadiana is a Spanish Denominación de Origen Protegida (DOP) for wines located in the region of Extremadura (Spain).
---
[6] Campo de Cariñena is a traditional wine-producing region located between rivers Jalón and Huerva.",,,,,,,,,,,
474f183a-685a-45c0-a9d3-cf96c1b86823,WB-BIZ-0259-L2,fact_to_question,llama,wine_business,2,recall,Which country's sparkling wines have recently gained international prominence after traditionally targeting the domestic market?,"[{'id': 'A', 'text': 'South Africa'}, {'id': 'B', 'text': 'Australia'}, {'id': 'C', 'text': 'Canada'}, {'id': 'D', 'text': 'Chile'}]",C,"[1] While traditionally aimed at the domestic market, Canadian sparkling wines have recently gained prominence internationally.",,,,,,,,,,,
225b7f58-6c0e-4b0c-a926-7a3662efa9ce,WB-GRP-0434-L1,template,template_only,grape_varieties,1,comprehension,"Per the fact, which country hosts cultivation of Malbec?","[{'id': 'A', 'text': 'Uruguay'}, {'id': 'B', 'text': 'Mexico'}, {'id': 'C', 'text': 'Spain'}, {'id': 'D', 'text': 'Argentina'}]",D,"[1] Malbec is planted on approximately 53,000 hectares worldwide, with about 75 percent of global plantings in Argentina.",,,,,,,,,,,
d560c22c-a166-4822-892a-ace136edd46e,WB-GRP-0480-L4,scenario_synthesis,gemini,grape_varieties,4,synthesis,"A viticulturist is establishing a new vineyard block intended for a single-varietal white wine. They are specifically seeking cuttings of a frequently evaluated Hungarian vine, which they refer to by its alternative moniker, Mainak. However, the nursery manager advises caution, noting that this specific vine shares multiple regional naming conventions with other Eastern European cultivars, leading to frequent propagation mix-ups. To guarantee the authenticity of their planting material, which specific cultivars must the viticulturist rule out through DNA profiling?","[{'id': 'A', 'text': 'Grasă de Cotnari from Romania and Žilavka from Bosnia'}, {'id': 'B', 'text': 'Graševina from Croatia and Grüner Veltliner from Austria'}, {'id': 'C', 'text': 'Hárslevelű from Hungary and Lipovina from Slovakia'}, {'id': 'D', 'text': 'Rebula from Slovenia and Tamjanika from Serbia'}]",A,"[1] The Romanian wine grape Grasă de Cotnari and the Bosnian wine grape Žilavka also shares several synonyms with Furmint and are, thusly, often confused with the grape.
---
[2] Furmint is a widely reviewed grape variety in Hungary.
---
[3] Furmint (also known as Mainak) is a white Hungarian wine grape variety that is most noted widely grown in the Tokaj-Hegyalja wine region where it is used to produce single-varietal.",,,,,,,,,,,
a06b9dc8-dc17-4cbb-96f4-1c09f1a24dac,WB-GRP-0504-L3,distractor_mining,chatgpt,grape_varieties,3,analysis,"Under U.S. TTB labeling rules, which grape name from the list below is recognized for appearing as a varietal name on wine labels?","[{'id': 'A', 'text': 'Pedro Ximénez'}, {'id': 'B', 'text': 'Verduzzo'}, {'id': 'C', 'text': 'Blaufränkisch'}, {'id': 'D', 'text': 'Noiret'}]",C,"[1] Bourboulenc is an approved grape variety name for use on US wine labels per TTB regulations.
---
[2] Pinot Gris is an approved grape variety name for use on US wine labels per TTB regulations.
---
[3] Verduzzo is an approved grape variety name for use on US wine labels per TTB regulations.
---
[4] Pedro Ximénez is an approved grape variety name for use on US wine labels per TTB regulations.
---
[5] Noiret is an approved grape variety name for use on US wine labels per TTB regulations.
---
[6] Blaufränkisch is an approved grape variety name for use on US wine labels per TTB regulations.",,,,,,,,,,,
5c0c4c03-33d6-489c-be3f-bd0d7c6f3a9d,WB-GRP-0464-L3,comparative,chatgpt,grape_varieties,1,analysis,"One of these AVA-and-grape pairings matches the allowed variety facts, while the other possible pairing would swap the two grapes incorrectly. Which pairing is the accurate one?","[{'id': 'A', 'text': 'Oakville AVA — Blaufrankisch; Trinity Lakes AVA — Blaufrankisch'}, {'id': 'B', 'text': 'Oakville AVA — Cabernet Franc; Trinity Lakes AVA — Cabernet Franc'}, {'id': 'C', 'text': 'Oakville AVA — Cabernet Franc; Trinity Lakes AVA — Blaufrankisch'}, {'id': 'D', 'text': 'Oakville AVA — Blaufrankisch; Trinity Lakes AVA — Cabernet Franc'}]",C,"[1] Oakville AVA permits the Cabernet Franc grape variety.
---
[2] Trinity Lakes AVA permits the Blaufrankisch grape variety.",,,,,,,,,,,
a24670bc-6e0e-481c-aa29-10a30a36af2e,WB-GRP-0465-L3,comparative,chatgpt,grape_varieties,1,analysis,"One AVA allows Zinfandel, while the other authorizes Chancellor. Which pairing matches those permitted grapes correctly?","[{'id': 'A', 'text': 'Napa Valley AVA — Chancellor; Shawnee Hills AVA — Zinfandel'}, {'id': 'B', 'text': 'Napa Valley AVA — Zinfandel; Shawnee Hills AVA — Chancellor'}, {'id': 'C', 'text': 'Napa Valley AVA — Zinfandel; Shawnee Hills AVA — Zinfandel'}, {'id': 'D', 'text': 'Napa Valley AVA — Chancellor; Shawnee Hills AVA — Chancellor'}]",B,"[1] Napa Valley AVA permits the Zinfandel grape variety.
---
[2] Shawnee Hills AVA permits the Chancellor grape variety.",,,,,,,,,,,
54785276-ee19-4cad-9141-48407e5d9833,WB-REG-0422-L2,scenario_synthesis,llama,wine_regions,1,application,"A winemaker in the Loire Valley is producing a sparkling wine using the traditional method. They are considering whether to release it under the Crémant de Saumur or Crémant de Vouvray designation. However, they are concerned about the wine losing its carbonation too quickly in the bottle. What should the winemaker do to ensure the wine maintains its sparkle for an extended period?","[{'id': 'A', 'text': 'Advise consumers to pour the wine immediately after opening the bottle'}, {'id': 'B', 'text': 'Leave the wine in contact with the lees for an extended period before disgorgement'}, {'id': 'C', 'text': 'Store the bottles upright instead of on their sides'}, {'id': 'D', 'text': 'Increase the amount of sugar added during the dosage'}]",B,"[1] The Crémant designation was also used for sparkling wines from the Loire valley, in the form of Crémant de Saumur and Crémant de Vouvray, without being defined as separate appellations.
---
[2] The tendency of still wine from the Champagne region to lightly sparkle was noted in the Middle Ages but this was considered a wine fault and was disdained in early.
---
[3] A poured glass of sparkling wine will lose its bubbliness and carbon dioxide gas much more quickly than an open bottle alone would.",,,,,,,,,,,
1e8860dd-d5ba-40ab-b10c-4481e4d6ebb1,WB-WMK-0300-L2,fact_to_question,claude,winemaking,2,recall,"Founded in 1972 and originally operating under the name A&K Cooperage, which U.S. state is home to The Oak Cooperage, a producer of oak barrels for the wine and spirits industries?","[{'id': 'A', 'text': 'Arkansas'}, {'id': 'B', 'text': 'Missouri'}, {'id': 'C', 'text': 'Kentucky'}, {'id': 'D', 'text': 'Tennessee'}]",B,"[1] The Oak Cooperage (formerly known as A&K Cooperage) is a Missouri-based oak barrel-making company, established in 1972.",,,,,,,,,,,
92bfcb62-47ea-4c00-9b48-3fd30abbee98,WB-BIZ-0274-L2,fact_to_question,gemini,wine_business,2,recall,Which of the following wine designations is considered to fall entirely beyond the regulatory framework of Germany's national viticultural statutes?,"[{'id': 'A', 'text': 'Deutscher Wein'}, {'id': 'B', 'text': 'Qualitätswein bestimmter Anbaugebiete'}, {'id': 'C', 'text': 'Prädikatswein'}, {'id': 'D', 'text': 'Landwein'}]",B,[1] Qualitätswein bestimmter Anbaugebiete are outside the scope of the German wine law.,,,,,,,,,,,
e9b1c3c4-ffa8-4bbf-ae75-2b4b4ec8ea3c,WB-PRD-0328-L2,template,template_only,producers,1,comprehension,The fact places Meyer Family Vineyards in which country?,"[{'id': 'A', 'text': 'England'}, {'id': 'B', 'text': 'France'}, {'id': 'C', 'text': 'Australia'}, {'id': 'D', 'text': 'Canada'}]",D,[1] Meyer Family Vineyards is a wine producer in the British Columbia region of Canada.,,,,,,,,,,,
d7e4015e-f312-4cbd-8d7d-9ffd2617a1ca,WB-GRP-0449-L2,fact_to_question,qwen,grape_varieties,2,recall,"Which of the following white grape varieties are predominantly cultivated in the Wine of Origin program in South Africa, based on its varietal planting profile?","[{'id': 'A', 'text': 'Chenin blanc and Viognier'}, {'id': 'B', 'text': 'Sémillon and Gewürztraminer'}, {'id': 'C', 'text': 'Riesling and Sauvignon blanc'}, {'id': 'D', 'text': 'Pinot gris and Verdelho'}]",C,"[1] Wine of Origin is planted largely with Riesling, Sauvignon blanc.",,,,,,,,,,,
d7c92869-c1f0-465e-91e1-59bd8c9962e1,WB-VIT-0389-L3,distractor_mining,qwen,viticulture,1,analysis,"Which wine-producing area, though officially classified within a region known for Pinot Noir and Chardonnay, experiences climatic conditions more typical of a southern, warmer zone influenced by a different geographical orientation and temperature profile?","[{'id': 'A', 'text': 'Bourgogne AOC'}, {'id': 'B', 'text': 'Côte de Nuits'}, {'id': 'C', 'text': 'Beaujolais'}, {'id': 'D', 'text': 'Corton'}]",C,"[1] Corton is rare in this aspect, as the 'climat' is seldom used for other Grand Cru appellations in Côte d'Or.
---
[2] While administratively part of the Burgundy wine region, the climate is closer to that of the Rhône.
---
[3] Bourgogne AOC is often seen as the most terroir-conscious of the French wine regions.
---
[4] Some 3.67 hectares (9.1 acres) of this area was used for the red wines in 2007.
---
[5] At 50.6 hectares (125 acres), Clos de Vougeot is the largest single vineyard in Côte de Nuits entitled to the grand cru designation.
---
[6] Côte de Nuits of Fixin has its own appellation, but the area of Brochon Côte de Nuits Villages extends into the commune with 55 acres (22 ha) of premier cru.",,,,,,,,,,,
af672800-584d-4ebd-a462-eb63aa10d695,WB-REG-0395-L1,template,template_only,wine_regions,1,comprehension,"Per the fact, the Northeastern Italy wine region is situated in which country?","[{'id': 'A', 'text': 'Croatia'}, {'id': 'B', 'text': 'Greece'}, {'id': 'C', 'text': 'Slovenia'}, {'id': 'D', 'text': 'Italy'}]",D,[1] Sauvignon is grown in the Northeastern Italy region of Italy.,,,,,,,,,,,
245d1202-8221-4d37-a428-25bd28623f59,WB-REG-0406-L2,fact_to_question,qwen,wine_regions,2,recall,"Which Italian DOC is situated in a province that shares a border with Slovenia, specifically within the administrative boundaries of Gorizia?","[{'id': 'A', 'text': 'Carmignano'}, {'id': 'B', 'text': 'Colli Orientali del Friuli'}, {'id': 'C', 'text': 'Valpolicella'}, {'id': 'D', 'text': ""Montepulciano d'Abruzzo""}]",B,"[1] The DOC is located in the province of Gorizia, near the border with Slovenia.",,,,,,,,,,,
01009523-45de-45cf-b829-4592783bb768,WB-VIT-0369-L3,comparative,qwen,viticulture,3,analysis,"Which of these wine entities is defined by its exclusive cultivation in a single Italian region, with a documented global vineyard area of approximately 7,500 hectares as of 2010?","[{'id': 'A', 'text': 'Trentino wine region'}, {'id': 'B', 'text': 'Aosta Valley wine region'}, {'id': 'C', 'text': 'Corvina'}, {'id': 'D', 'text': 'Nebbiolo'}]",C,"[1] The total global wine-growing area in 2010 was 7,495 hectares (18,520 acres), all of which is grown in the Veneto region of northeast Italy.
---
[2] Aosta Valley wine region is the reason why the wine production in the area is often dubbed ""heroic viticulture."".",,,,,,,,,,,
b6b0ee0c-42fe-4c46-8e39-f7e5f93d5c02,WB-REG-0405-L2,fact_to_question,qwen,wine_regions,1,recall,"Which English county contains a vineyard that was the largest single-site vineyard in the UK until 2018, though it is expected to soon be surpassed by another producer?","[{'id': 'A', 'text': 'Surrey'}, {'id': 'B', 'text': 'Kent'}, {'id': 'C', 'text': 'Hampshire'}, {'id': 'D', 'text': 'Sussex'}]",A,"[1] ==== Surrey ====
Surrey is home to Denbies—which up until 2018 was the UK's largest single vineyard—however this will likely soon be superseded by Chapel Down.",,,,,,,,,,,
5bea9a41-e306-4371-a8d9-9b3b405fadd8,WB-PRD-0329-L1,template,template_only,producers,1,comprehension,"Per the fact, the wine estate Benanti is located in which country?","[{'id': 'A', 'text': 'Italy'}, {'id': 'B', 'text': 'Croatia'}, {'id': 'C', 'text': 'Slovenia'}, {'id': 'D', 'text': 'Greece'}]",A,[1] Benanti is a wine producer in the Sicily & Sardinia region of Italy.,,,,,,,,,,,
b61d2c70-0fb2-4c3c-b818-66ccbb7caf55,WB-VIT-0388-L3,distractor_mining,claude,viticulture,1,analysis,"An American Viticultural Area situated in Monterey County, California, lying to the southeast of a well-known coastal town and counted among the ten appellations within that county, is best identified as which of the following?","[{'id': 'A', 'text': 'Benmore Valley AVA'}, {'id': 'B', 'text': 'Fiddletown AVA'}, {'id': 'C', 'text': 'Carmel Valley AVA'}, {'id': 'D', 'text': 'Indiana Uplands AVA'}]",C,"[1] About 20% of the wine produced in Amador County comes from Fiddletown viticultural area.
---
[2] The viticultural area extends approximately 63 miles (101 km) east to west at its widest point, from Clark County to Martin County.
---
[3] Carmel Valley is an American Viticultural Area (AVA) located in Monterey County, California, southeast of Carmel-by-the-Sea and it is one of the ten AVAs in the county.
---
[4] At the outset, the viticultural area encompassed about 1,440 acres (2 sq mi) of which 125 acres (51 ha) were cultivating Chardonnay grapes.
---
[5] Garrett, proprietor of Villa Milan Vineyards located in Milan, Indiana, proposing the multi-state viticultural area known as ""Ohio River Valley.
---
[6] Washington has twenty federally defined American Viticultural Area (AVA)s with all but one located in Eastern Washington.",,,,,,,,,,,
fe1b7230-40da-4609-bc77-272d03da074f,WB-VIT-0390-L3,distractor_mining,llama,viticulture,1,analysis,Which viticultural area is located a few miles north up the river from the Wahluke Slope AVA and shares a border with the southwest corner of the Royal Slope AVA?,"[{'id': 'A', 'text': 'San Pasqual Valley AVA'}, {'id': 'B', 'text': 'Covelo AVA'}, {'id': 'C', 'text': 'Beverly, Washington AVA'}, {'id': 'D', 'text': 'Sonoita AVA'}]",C,"[1] The viticultural area was determined by extending the wine growing area from around the town of Yountville until it abuts the previously established viticultural areas of Oakville on the north.
---
[2] San Francisco Bay is a multi-county American Viticultural Area (AVA) which is centered and surrounds the San Francisco Bay Area of Northern California.
---
[3] The 9,000-acre (14 sq mi) region was established as the nation's fifth, the state's third and the county's initial appellation on August 17, 1981 by the Bureau of Alcohol.
---
[4] Ralph Carter of Sonoma, California, proposing a viticultural area in Mendocino County named ""Covelo."" Jake Claus and William Claus planted the only California Certified Organic Farmers (CCOF) vineyards in the.
---
[5] Blake Brophy, General Partner of the Babacomari Ranch Company, on behalf of himself and local vintners proposing an viticultural area to be known as ""Sonoita.
---
[6] Beverly, Washington viticultural area shares a border with the southwest corner of the Royal Slope AVA and lies a few miles north up the river from the Wahluke Slope AVA.",,,,,,,,,,,
b115239c-65bc-40bf-aa85-69efd7cfed2c,WB-VIT-0377-L3,comparative,gemini,viticulture,1,analysis,"Which California viticultural area is found in the far northern reaches of the state, situated along the boundary of Humboldt County with a minor section crossing over into Trinity County?","[{'id': 'A', 'text': 'Dos Rios AVA'}, {'id': 'B', 'text': 'Fair Play AVA'}, {'id': 'C', 'text': 'Willow Creek AVA'}, {'id': 'D', 'text': 'Potter Valley AVA'}]",C,"[1] Fair Play is an American Viticultural Area (AVA) located in El Dorado County, California.
---
[2] Willow Creek is an American Viticultural Area (AVA) located in the upper northern California region on the edge of Humboldt County with a small portion protruding into Trinity County.",,,,,,,,,,,
a5564a29-0a20-46e8-871e-601cfd45df97,WB-VIT-0372-L2,comparative,qwen,viticulture,1,analysis,"Which wine region is distinguished by historical evidence of viticulture dating back to the 4th century, supported by a literary account from a Roman poet who celebrated the landscape during harvest?","[{'id': 'A', 'text': 'A German wine region where vineyard activity was documented in the 4th century through a poetic tribute by a Roman writer describing its harvest-time beauty'}, {'id': 'B', 'text': 'A German wine region that overlaps with, but is not identical to, the boundaries of a traditional cultural area also known as the Palatinate'}, {'id': 'C', 'text': 'A German wine region known for steep slate slopes and Riesling production, but without early literary records of grape growing'}, {'id': 'D', 'text': 'A German wine region whose modern viticultural boundaries were established before the Roman era'}]",A,"[1] == Climate and geography ==
The Palatinate wine region overlaps with, but is not coextensive with, the traditional German region of Palatinate.
---
[2] Viticulture was certainly flourishing in the area by the 4th century when the Roman poet Ausonius wrote a poem about the beauty of the land at harvest time.",,,,,,,,,,,
1f5461ac-e4a0-4ef2-b3c8-fb6ceb74d382,WB-VIT-0375-L3,comparative,llama,viticulture,1,analysis,Which AVA has nearly one-fifth of its total acreage covered by lakes?,"[{'id': 'A', 'text': 'Trinity Lakes AVA'}, {'id': 'B', 'text': 'Columbia Valley AVA'}, {'id': 'C', 'text': 'Sonoma Coast AVA'}, {'id': 'D', 'text': 'Saddle Rock-Malibu AVA'}]",A,"[1] Trinity Lakes AVA covers about 96,000 acres (150 sq mi), of which 18 percent, 17,285 acres (27 sq mi), is lake surface water.
---
[2] In the hills of Malibu near the center of the viticultural area, Saddle Rock is a prominent saddle-shaped rock formation that rises 2.",,,,,,,,,,,
063bcbfc-a27f-4eb8-ae81-5d61f45191de,WB-PRD-0337-L1,template,template_only,producers,1,recall,What wine region is Château Jean Faure part of?,"[{'id': 'A', 'text': 'Beaune AOC'}, {'id': 'B', 'text': 'Saint-Émilion'}, {'id': 'C', 'text': 'Côte-d’Or'}, {'id': 'D', 'text': 'Nuits-Saint-Georges AOC'}]",B,[1] Château Jean Faure is a classified Bordeaux estate in Saint-Émilion.,,,,,,,,,,,
6ee5495e-51f9-4f25-9d0e-0282b6cabe8d,WB-WMK-0309-L2,fact_to_question,chatgpt,winemaking,1,recall,"In vineyard microbiology, seasons with elevated precipitation have sometimes been linked to an increase in what on grapes, likely because fungal growth becomes more extensive?","[{'id': 'A', 'text': 'Malic acid levels'}, {'id': 'B', 'text': 'Anthocyanin content'}, {'id': 'C', 'text': 'Yeast populations'}, {'id': 'D', 'text': 'Tannin concentration'}]",C,"[1] For example, some studies reported higher yeast counts for vintages with high rainfall, which is probably due to substantial fungal proliferation. 10 The health status of berries can also affect the diversity of yeasts.",,,,,,,,,,,
b1f50dd0-06a4-492f-813c-bb8988809dec,WB-VIT-0376-L2,comparative,llama,viticulture,1,analysis,Which German wine region is known for its high mineralization in the wines due to its special soil and mild climate along the Main river?,"[{'id': 'A', 'text': 'Franken'}, {'id': 'B', 'text': 'Mosel'}, {'id': 'C', 'text': 'Pfalz'}, {'id': 'D', 'text': 'Mittelrhein'}]",A,"[1] == Description of Franconian wine ==

Because of the special soil and the mild climate along the Main river, wines with a very high mineralisation can be harvested.
---
[2] Hence, in a ten-year average, the Middle Rhine region only yields 75% of the nation's average hectolitre per hectare output.",,,,,,,,,,,
3684a726-48bf-45a4-a20e-cafcbdd9aa6c,WB-REG-0391-L1,template,template_only,wine_regions,1,comprehension,The fact assigns the Sonoma Coast AVA to which US state?,"[{'id': 'A', 'text': 'Arizona'}, {'id': 'B', 'text': 'Oregon'}, {'id': 'C', 'text': 'California'}, {'id': 'D', 'text': 'Colorado'}]",C,[1] The Sonoma Coast AVA was established in 1987 in California.,,,,,,,,,,,
186ebca8-a830-4622-9f88-7bef6d2fab1f,WB-VIT-0371-L2,comparative,qwen,viticulture,1,analysis,"Which of the following wine regions is characterized by a climate that becomes increasingly warm downstream and receives minimal annual rainfall, creating favorable conditions for late harvest styles?","[{'id': 'A', 'text': 'A region where the climate grows warmer along its lower reaches and experiences little rain, supporting the development of late-picked wines'}, {'id': 'B', 'text': 'A region defined by high-altitude vineyards and extreme diurnal shifts that preserve acidity'}, {'id': 'C', 'text': 'A region with high rainfall and maritime-influenced conditions that promote consistent vintage variation'}, {'id': 'D', 'text': 'A region known for having some of the most northerly vineyard latitudes in the world, where cool temperatures limit ripening'}]",A,"[1] The climate of the region gets progressively warmer downstream with low amounts of annual rainfall that is favorable for the production of late harvest wines.
---
[2] == Geography and climate ==
The German wine regions are some of the most northerly in the world.",,,,,,,,,,,
f291c690-b07f-4d81-8188-da27d0610af5,WB-GRP-0441-L2,fact_to_question,gemini,grape_varieties,2,recall,"Which grape variety covers roughly 115,000 hectares of vineyard area worldwide, with the United States, Germany, and France holding the most extensive acreage?","[{'id': 'A', 'text': 'Pinot Gris'}, {'id': 'B', 'text': 'Chardonnay'}, {'id': 'C', 'text': 'Pinot Noir'}, {'id': 'D', 'text': 'Riesling'}]",C,"[1] Pinot Noir is planted on approximately 115,000 hectares globally, with the largest plantings in France, Germany, and the United States.",,,,,,,,,,,
16de769a-0ca6-4b18-805f-d10922445d5f,WB-VIT-0356-L2,fact_to_question,chatgpt,viticulture,1,recall,"Which New Zealand winegrowing area spans roughly from Karikari at its northern end to Mangawhai at its southern end, with vineyards varying by exposure and soil type?","[{'id': 'A', 'text': 'Gisborne'}, {'id': 'B', 'text': ""Hawke's Bay""}, {'id': 'C', 'text': 'Northland'}, {'id': 'D', 'text': 'Marlborough'}]",C,"[1] Stretching from Karikari in the north to Mangawhai in the south, each vineyard in Northland is unique in aspect, soil.",,,,,,,,,,,
29905e59-114d-4156-9ac5-61e9a119e60a,WB-VIT-0384-L4,scenario_synthesis,chatgpt,viticulture,4,synthesis,"A vineyard manager is setting the first disease-control spray of the season for a block destined for still wine production. The team is most worried about a pathogen that needs attention near the start of the season, but they also want one product that can cover the other three major grape diseases in the same pass. In scouting notes, another disease risk is described as one that can attack foliage, berries, and tender shoots. Which plan best matches those goals?","[{'id': 'A', 'text': 'Delay treatment until later berry development, because black rot is mainly a late-season concern, and choose a product aimed only at downy mildew.'}, {'id': 'B', 'text': 'Use Abound early in the season, prioritizing black rot while also covering powdery mildew, downy mildew, and Phomopsis.'}, {'id': 'C', 'text': 'Apply Abound only after veraison, since downy mildew is limited to leaves and does not threaten shoots or fruit.'}, {'id': 'D', 'text': 'Focus first on Phomopsis alone, because it is the only one of the four major diseases mentioned as requiring early-season control.'}]",B,"[1] Articles Grape Disease - Downy Mildew Downy mildew, Plasmopara viticola, can infect berries, leaves, and young shoots.
---
[2] Black rot (caused by Guignardia bidwelli ) is an important grapevine disease to manage early in the growing season.
---
[3] The first strobilurin to be introduced was Abound, and it had activity against all four major grape diseases: powdery and downy mildew, black rot, and Phomopsis.",,,,,,,,,,,
8dbe2f92-e0ac-486c-bf78-43263b7c0323,WB-GRP-0498-L2,scenario_synthesis,llama,grape_varieties,1,analysis,"A winemaker in Tokaj, Hungary is looking to produce a unique dessert wine. They have a vineyard with various white grape varieties, some of which have been affected by botrytis cinerea. The winemaker is considering using bunches with a high proportion of botrytised grapes to create a wine similar to one produced in the Rutherglen wine region in Australia. Which of the following would be the most appropriate style for the winemaker to pursue?","[{'id': 'A', 'text': 'Icewine'}, {'id': 'B', 'text': 'Szamorodni'}, {'id': 'C', 'text': 'Late Harvest'}, {'id': 'D', 'text': 'Tokaji Aszú'}]",B,"[1] The Rutherglen wine region in Australia produces a dessert wine made from Muscadelle grapes that has usually been referred to as Tokay.
---
[2] Prior to the phylloxera epidemic in the 1880s, wine was grown in Tokaj from various types of mainly white grape varieties.
---
[3] What sets Szamorodni apart from ordinary wines is that it is made from bunches of grapes which contain a high proportion of botrytised grapes.",,,,,,,,,,,
430938d0-fb6b-45cd-ba69-7ca01e2def54,WB-VIT-0374-L3,comparative,llama,viticulture,3,analysis,"Which Arizona AVA is distinguished by its unique geology and topography, in addition to its soils?","[{'id': 'A', 'text': 'Willcox AVA'}, {'id': 'B', 'text': 'Arizona AVA'}, {'id': 'C', 'text': 'Verde Valley AVA'}, {'id': 'D', 'text': 'Sonoita AVA'}]",A,"[1] The distinguishing features of the Willcox AVA are its geology, topography, soils.
---
[2] According to the petition, the distinguishing features of the Verde Valley AVA are its climate, soils.",,,,,,,,,,,
9a44d08f-356f-497a-8126-260767971f2e,WB-GRP-0452-L2,fact_to_question,claude,grape_varieties,1,recall,Which grape variety currently accounts for the largest share of icewine production in Ontario?,"[{'id': 'A', 'text': 'Vidal'}, {'id': 'B', 'text': 'Cabernet Franc'}, {'id': 'C', 'text': 'Riesling'}, {'id': 'D', 'text': 'Seyval Blanc'}]",A,[1] Vidal is now the most common ice-wine grape in Ontario.,,,,,,,,,,,
d026c2ad-b17e-4c58-a148-3ffc4ecd26f0,WB-GRP-0460-L2,comparative,llama,grape_varieties,2,analysis,Which Italian wine region permits a minimum of 40% red grape varieties in its wines?,"[{'id': 'A', 'text': 'Chianti'}, {'id': 'B', 'text': 'Tuscany'}, {'id': 'C', 'text': 'Chianti Classico'}, {'id': 'D', 'text': 'South Tyrol'}]",D,"[1] Sangiovese: it is most notably the predominant grape variety in Chianti and Chianti Classico.
---
[2] South Tyrol wine permits the 40% red varieties grape variety.",,,,,,,,,,,
62a9181f-a177-46aa-b0d0-02e1987f07d9,WB-REG-0390-L1,template,template_only,wine_regions,1,comprehension,The fact assigns the Paso Robles Willow Creek District AVA to which US state?,"[{'id': 'A', 'text': 'California'}, {'id': 'B', 'text': 'Oregon'}, {'id': 'C', 'text': 'Arizona'}, {'id': 'D', 'text': 'Colorado'}]",A,[1] The Paso Robles Willow Creek District AVA was established in 2014 in California.,,,,,,,,,,,
4b89bd0d-e181-4b31-b5fb-d78b4267b50d,WB-GRP-0494-L4,scenario_synthesis,qwen,grape_varieties,4,synthesis,"A winemaker in a warm Australian region is working with a red grape variety known for producing wines with elevated alcohol levels, typically between 14% and 14.5% ABV, due to its tendency to develop slight raisining in the vineyard. The winery has seen increasing demand for experimental styles of this variety, inspired by a growing local movement that celebrates Rhône-inspired wines. They are considering a traditional oxidative method where the wine is aged outdoors in transparent glass vessels exposed to sunlight, allowing gradual concentration and controlled oxidation over several months. Given these conditions and goals, which factor most strongly supports the suitability of this grape variety for the proposed oxidative aging technique?","[{'id': 'A', 'text': ""The wine's typical use in blends reduces the risk of oxidation defects.""}, {'id': 'B', 'text': 'Its low acidity aligns with modern preferences for softer, rounder wine profiles.'}, {'id': 'C', 'text': ""The grape's natural predisposition to slight desiccation enhances sugar concentration, supporting stability during extended oxidative aging.""}, {'id': 'D', 'text': ""The variety's thick skins and high tannin content provide structural integrity for long barrel maturation.""}]",C,"[1] The rising popularity and success of the Rhone Ranger's movement has brought greater attention to the variety and more plantings of Grenache are popping up every year in places like.
---
[2] Grenache wines can be made in a rancio style by being left outside in glass demi-johns (or carboys) or wooden barrels where the wine bakes in the sun for several.
---
[3] Grenache the grapes are typically slightly raisined, jammy fruit that generates alcohol of 14-14.5%.",,,,,,,,,,,
6129ea4a-bab2-47cf-a6c3-59b34408483a,WB-GRP-0500-L3,distractor_mining,qwen,grape_varieties,3,analysis,"Which Australian or New Zealand wine region includes Chardonnay among its officially permitted grape varieties, based on regional appellation rules?","[{'id': 'A', 'text': 'Big Rivers (wine)'}, {'id': 'B', 'text': 'Rutherglen wine region'}, {'id': 'C', 'text': 'Mount Gambier wine region'}, {'id': 'D', 'text': 'Wairarapa wine region'}]",C,"[1] Mount Gambier wine region permits the Chardonnay grape variety.
---
[2] Rutherglen wine region permits the Carignan grape variety.
---
[3] Big Rivers (wine) permits the | varietals = grape variety.
---
[4] Great Southern (wine region) region is known for Riesling, Chardonnay, Cabernet Sauvignon, Pinot Noir, Shiraz.
---
[5] Kangaroo Island wine region permits the Shiraz & Chardonnay grape variety.
---
[6] Wairarapa wine region permits the 000 tonnes grape variety.",,,,,,,,,,,
1475af73-4526-4236-95f3-a2263a4c4e5e,WB-GRP-0463-L3,comparative,llama,grape_varieties,3,analysis,Which grape variety is permitted in the Willow Creek AVA?,"[{'id': 'A', 'text': 'Pinot noir'}, {'id': 'B', 'text': 'Cabernet Sauvignon'}, {'id': 'C', 'text': 'Malbec'}, {'id': 'D', 'text': 'Chardonnay'}]",C,"[1] Willow Creek AVA permits the Malbec grape variety.
---
[2] Napa Valley AVA permits the Pinot noir grape variety.",,,,,,,,,,,
a516a4bb-bb30-4b42-8048-e0868fd05f69,WB-REG-0414-L2,fact_to_question,llama,wine_regions,1,recall,In which French wine region is the appellation of Chassagne-Montrachet located?,"[{'id': 'A', 'text': 'Loire Valley'}, {'id': 'B', 'text': 'Burgundy'}, {'id': 'C', 'text': 'Rhône'}, {'id': 'D', 'text': 'Bordeaux'}]",B,[1] Chassagne-Montrachet is a wine-producing area within the Burgundy region of France.,,,,,,,,,,,
4b4ed705-4176-403e-adbd-d89805cf3b58,WB-GRP-0473-L3,comparative,gemini,grape_varieties,3,analysis,"When evaluating appellations based on their authorized aromatic white grapes, one region specifically allows for Gewurztraminer while another authorizes the cultivation of the Viognier vine. Which appellation is associated with the latter?","[{'id': 'A', 'text': 'Alexander Valley AVA'}, {'id': 'B', 'text': 'Manton Valley AVA'}, {'id': 'C', 'text': 'Santa Maria Valley AVA'}, {'id': 'D', 'text': 'Mt. Harlan AVA'}]",D,"[1] Mt. Harlan AVA permits the Viognier grape variety.
---
[2] Manton Valley AVA permits the Gewurztraminer grape variety.",,,,,,,,,,,
bd62e7de-a263-400c-a300-cdb495becff8,WB-GRP-0458-L2,fact_to_question,chatgpt,grape_varieties,1,recall,"A Loire appellation made in three colors uses Pinot Gris for its white wine, with that grape locally referred to as Malvoisie, while its red and rosé versions are based on Gamay. Which appellation fits this description?","[{'id': 'A', 'text': 'Sancerre'}, {'id': 'B', 'text': 'Anjou-Villages'}, {'id': 'C', 'text': 'Muscadet Sèvre et Maine'}, {'id': 'D', 'text': ""Coteaux d'Ancenis""}]",D,"[1] 35 winemakers produce coteaux d'Ancenis each year in three colors, white mainly pinot gris called Malvoisie in the region and red and rosé with gamay.",,,,,,,,,,,
895abbbc-dd27-460c-b1a0-883ceefa5998,WB-GRP-0435-L2,template,template_only,grape_varieties,2,comprehension,"Per the fact, which country hosts cultivation of Red Blend?","[{'id': 'A', 'text': 'Romania'}, {'id': 'B', 'text': 'Bulgaria'}, {'id': 'C', 'text': 'Slovenia'}, {'id': 'D', 'text': 'Greece'}]",B,[1] Red Blend is a widely reviewed grape variety in Bulgaria.,,,,,,,,,,,
64522e85-bd74-46b5-83ea-d466f85beb08,WB-REG-0435-L3,distractor_mining,qwen,wine_regions,1,analysis,"This sweet Spanish wine is made from a specific aromatic grape variety and derives its name from the citrus hue it develops during aging. It originates in a DOP region on the southern coast of Andalusia, where it is produced using traditional methods that emphasize oxidative maturation. The resulting wine is rich, amber to orange-tinged, and crafted exclusively from a single, highly perfumed grape known for its floral and musky notes. Which wine is described?","[{'id': 'A', 'text': 'Condado de Huelva'}, {'id': 'B', 'text': 'Tinto de verano'}, {'id': 'C', 'text': 'Moscatel Naranja'}, {'id': 'D', 'text': 'Jumilla (DO)'}]",C,"[1] Spanish wine (Spanish: vino español or vino de España) includes red, white.
---
[2] Moscatel Naranja or Orange Moscatel is a sweet wine produced in Málaga.
---
[3] There are five other designated categories solely for wine and a further three specifically covering food and condiments, all recognised by the European Union (EU).
---
[4] The drink has its origins in the early 20th century, when Federico Vargas created a mix of a red wine and soda pop for his patrons at Venta Vargas in.
---
[5] Condado de Huelva is a Spanish Denominación de Origen Protegida (DOP) for wines located in the south-east of the province of Huelva (Andalusia, Spain).
---
[6] Jumilla is a Spanish Denominación de Origen Protegida (DOP) for wines that extends over the north of the region of Murcia, Spain.",,,,,,,,,,,
315a0a54-bce2-4e19-ab68-af8aaf725b8f,WB-GRP-0477-L2,comparative,claude,grape_varieties,1,analysis,"A white wine shows floral, almost perfumed aromatics carried on a frame of high acidity. A second white wine, from a cool northern river valley, is thin and rustic in character with comparably high acidity. Which pairing correctly matches each description to its source?","[{'id': 'A', 'text': 'The floral, perfumed wine is Elbling from the Mosel; the thin, rustic wine is Riesling.'}, {'id': 'B', 'text': 'Both descriptions refer to Riesling grown in different Mosel subzones.'}, {'id': 'C', 'text': 'The floral, perfumed wine is Elbling; the thin, rustic wine is also Elbling but from outside the Mosel.'}, {'id': 'D', 'text': 'The floral, perfumed wine is Riesling; the thin, rustic wine is Elbling from the Mosel.'}]",D,"[1] Riesling is an aromatic grape variety displaying flowery, almost perfumed, aromas as well as high acidity.
---
[2] The Elbling grape is the most commonly planted here producing a thin, rustic wine with high acidity.",,,,,,,,,,,
77fd4362-f32b-47d0-ac2a-43d6a935ec38,WB-VIT-0378-L3,comparative,gemini,viticulture,3,analysis,"Which wine industry is defined by a cool environment, a brief vegetative cycle, and substantial annual precipitation of 1,300 millimeters (51 inches), rather than depending on historical networks of dams and channels to capture glacial runoff?","[{'id': 'A', 'text': 'Chilean wine'}, {'id': 'B', 'text': 'Peruvian wine'}, {'id': 'C', 'text': 'Uruguayan wine'}, {'id': 'D', 'text': 'Argentine wine'}]",A,"[1] During this time the missionaries and settlers in the area began construction of complex irrigation channels and dams that would bring water down from the melting glaciers of the Andes.
---
[2] The climate is cool, with a high level of rainfall (51 inches or 1,300 millimetres a year), a short growing season.",,,,,,,,,,,
c7f67437-dd93-4379-b100-23420c5e5390,WB-GRP-0479-L3,comparative,claude,grape_varieties,3,analysis,"Two Italian red grapes are often discussed for their stylistic evolution and food-pairing behavior. One is prized for pairing flexibility owing to its bright acidity paired with restrained alcohol, while the other has seen a modern shift toward delayed picking at elevated sugar readings to yield denser, more fruit-driven expressions. Which assignment correctly matches these profiles?","[{'id': 'A', 'text': 'High-acid, moderate-alcohol food-friendly profile → Sangiovese; late-harvest, higher-sugar fruit-forward trend → Barbera'}, {'id': 'B', 'text': 'High-acid, moderate-alcohol food-friendly profile → Barbera; late-harvest, higher-sugar fruit-forward trend → Sangiovese'}, {'id': 'C', 'text': 'Both profiles describe Barbera, while Sangiovese is usually fortified to raise alcohol'}, {'id': 'D', 'text': 'Both profiles describe Sangiovese, while Barbera is typically made in a lean, early-picked style'}]",A,"[1] == With food ==
Sangiovese's high acidity and moderate alcohol makes it a very food-friendly wine when it comes to food and wine pairings.
---
[2] In recent times, winemakers have been experimenting with harvesting Barbera later at higher sugar levels to produce heavier, more fruit-forward wines.",,,,,,,,,,,
24910e0d-b2be-40c1-a7f3-d07787a979db,WB-PRD-0333-L2,template,template_only,producers,2,recall,True or False: Château Clos de Sarpe is located in the Saint-Émilion wine region.,"[{'id': 'A', 'text': 'True'}, {'id': 'B', 'text': 'False'}]",A,[1] Château Clos de Sarpe is a classified Bordeaux estate in Saint-Émilion.,,,,,,,,,,,
804dcc8d-ea2f-4928-b1aa-e50767a80ea5,WB-GRP-0472-L2,comparative,gemini,grape_varieties,2,analysis,"While both of these red grapes are authorized in specific California appellations, which variety is officially sanctioned for cultivation within Diablo Grande rather than being the designated grape for Hames Valley?","[{'id': 'A', 'text': 'Petite Sirah'}, {'id': 'B', 'text': 'Zinfandel'}, {'id': 'C', 'text': 'Cabernet Sauvignon'}, {'id': 'D', 'text': 'Merlot'}]",D,"[1] Diablo Grande AVA permits the Merlot grape variety.
---
[2] Hames Valley AVA permits the Petite Sirah grape variety.",,,,,,,,,,,
b366a50e-3464-47ef-9744-ff4f1df6e46a,WB-REG-0433-L3,distractor_mining,qwen,wine_regions,1,analysis,"Which American Viticultural Area is legally defined under federal regulations in Title 27, Code of Federal Regulations, Section 9.166, as a sub-appellation within Napa County, situated on the northern slopes of the Mayacamas Mountains, and known for its volcanic soils and elevation-driven diurnal temperature variation?","[{'id': 'A', 'text': 'Diamond Mountain District AVA'}, {'id': 'B', 'text': 'Santa Rita Hills AVA'}, {'id': 'C', 'text': 'Snake River Valley AVA'}, {'id': 'D', 'text': 'St. Helena AVA'}]",A,"[1] St. Helena AVA is located in Napa County.
---
[2] Crystal Springs of Napa Valley  AVA is located in Napa County.
---
[3] Snake River Valley AVA was established in 2007.
---
[4] Diamond Mountain District AVA is defined in 27 CFR 9.166.
---
[5] Sierra Foothills AVA is located in Amador|Calaveras|El Dorado|Mariposa|Nevada|Placer|Tuolumne|Yuba County.
---
[6] Santa Rita Hills AVA is located in Santa Barbara County.",,,,,,,,,,,
e681008e-53fc-4ca4-9ba7-8928b96ed2ad,WB-REG-0432-L4,distractor_mining,qwen,wine_regions,4,analysis,"Which institution is associated with a 40% rise in enrollment for a bachelor's program focused on wine business, offering an English-language undergraduate degree that combines viticulture studies with commercial training, distinct from regional viticultural developments or historical production methods in England?","[{'id': 'A', 'text': 'East Anglia'}, {'id': 'B', 'text': 'Breaky Bottom'}, {'id': 'C', 'text': '20th century'}, {'id': 'D', 'text': 'Sussex wine'}]",D,"[1] English wine year, the BA (Hons) International Wine Business degree has seen a 40% increase in new starters.
---
[2] Peter Hall planted his vineyard at Breaky Bottom on the South Downs near Lewes in 1974 at a time when there were only a dozen or so growers in the.
---
[3] English wine were blended white and red sweet wines, called ""cream wine"" (creams).
---
[4] === 20th century ===
The twilight of British winemaking tradition was brought to an end with the onset of the First World War, as the need for crops and food.
---
[5] === East Anglia ===
East Anglia contains 5% of Great Britain's vineyards by area, with Essex being the county with the 6th largest area of vineyards in Great Britain.
---
[6] Sussex wine is the only establishment in Europe to offer undergraduate degrees in Wine Business and Production taught in the English language.",,,,,,,,,,,
9b2d201d-4eb9-4e28-a85c-aa0904357011,WB-PRD-0352-L2,fact_to_question,claude,producers,1,recall,"A producing family is largely recognized for elevating the international reputation of wines from a southern Italian region, drawing acclaim to then-obscure bottlings such as Greco di Tufo and Fiano di Avellino. In which region do they operate?","[{'id': 'A', 'text': 'Basilicata'}, {'id': 'B', 'text': 'Campania'}, {'id': 'C', 'text': 'Calabria'}, {'id': 'D', 'text': 'Puglia'}]",B,"[1] Mastroberardinos are widely credited with bringing favorable critical attention to the wines of Campania, particularly for previously unheralded wines like Lacryma Christi, Greco di Tufo and Fiano di Avellino.",,,,,,,,,,,
75f38ade-de59-478b-a3ad-c3cc0d296490,WB-GRP-0481-L4,scenario_synthesis,gemini,grape_varieties,4,synthesis,"A domestic wine producer in California is finalizing the packaging for an experimental series of single-varietal bottlings. The marketing department submits three front label drafts to the winery's compliance director. The drafts prominently feature the following text to identify the grapes used: ""100% Marsala"", ""100% Criolla Grande"", and ""100% Tinta Amarela"". The compliance director consults federal labeling codes regarding permissible varietal terminology. Based on federal regulations, what must the compliance director conclude about these proposed varietal designations?","[{'id': 'A', 'text': 'All three terms are legally authorized to be printed as grape identities on domestic packaging.'}, {'id': 'B', 'text': 'None of the terms are authorized; they must be substituted with their federally mandated synonyms.'}, {'id': 'C', 'text': 'Only Tinta Amarela is authorized; the other two must be legally declared as proprietary red blends.'}, {'id': 'D', 'text': 'Only Criolla Grande and Tinta Amarela are authorized; Marsala is strictly regulated as a geographic class and cannot denote a grape.'}]",A,"[1] Criolla Grande is an approved grape variety name for use on US wine labels per TTB regulations.
---
[2] Tinta Amarela is an approved grape variety name for use on US wine labels per TTB regulations.
---
[3] Marsala is an approved grape variety name for use on US wine labels per TTB regulations.",,,,,,,,,,,
2ccc6bb8-4f7e-48be-a78e-796b41f55301,WB-WMK-0311-L3,scenario_synthesis,llama,winemaking,1,synthesis,"A winemaker is assessing a batch of white wine that received low ratings in a recent tasting. Lab analysis shows the wine has a pH of 3.16, total sulfur dioxide of 119 mg/L, and alcohol content of 10.1%. What is the most likely reason for the poor scores?","[{'id': 'A', 'text': 'The sulfur dioxide level is too low to prevent oxidation'}, {'id': 'B', 'text': 'The alcohol content is too high, making the wine seem hot and unbalanced'}, {'id': 'C', 'text': 'The pH is too low, indicating potential microbial spoilage'}, {'id': 'D', 'text': 'The wine lacks balance and complexity due to low alcohol and high acidity'}]",D,"[1] White wines rated 4 or below have a median alcohol content of 10.1%.
---
[2] White wines rated 4 or below have a median pH of 3.16.
---
[3] White wines rated 4 or below have a median total sulfur dioxide of 119 mg/L.",,,,,,,,,,,
eb70d9ca-63ed-4d98-9542-57aa81738aad,WB-REG-0420-L4,scenario_synthesis,gemini,wine_regions,4,application,"A production director at a California wine estate is finalizing the bottling schedule for three distinct single-appellation red wines. To align with a new 'Heritage Timeline' marketing campaign, the wines must be processed and released in the precise chronological order that their source regions were officially granted viticultural area status by the federal government. The three separate lots originate from Oakville, York Mountain, and Carmel Valley. Based on the historical timeline of when these specific appellations were formalized, what is the correct sequential bottling order?","[{'id': 'A', 'text': 'York Mountain, followed by Carmel Valley, and finally Oakville.'}, {'id': 'B', 'text': 'Carmel Valley, followed by Oakville, and finally York Mountain.'}, {'id': 'C', 'text': 'Carmel Valley, followed by York Mountain, and finally Oakville.'}, {'id': 'D', 'text': 'Oakville, followed by Carmel Valley, and finally York Mountain.'}]",C,"[1] The Carmel Valley AVA was established in 1982 in California.
---
[2] The York Mountain AVA was established in 1983 in California.
---
[3] The Oakville AVA was established in 1993 in California.",,,,,,,,,,,
a64781fb-3e13-47a8-a69f-f6f6b9838cc0,WB-GRP-0491-L4,scenario_synthesis,chatgpt,grape_varieties,4,synthesis,"A winemaker is reviewing a trial lot from a red hybrid block and notices that fruit from the oldest parcels gives a much less pronounced ""typical hybrid"" character than fruit from younger plantings. During a breeding discussion, the team also notes that the grape's ancestry is debated, with some specialists suggesting it may include Oberlin 595, while others link a red hybrid called Wagner's Leon to Oberlin N595. Which conclusion best fits all of these observations when deciding how to describe the material internally?","[{'id': 'A', 'text': 'Treat it as a red hybrid whose old-vine fruit can mute the usual new-world hybrid flavor profile, while keeping open the possibility of Oberlin 595 / Oberlin N595 in its background.'}, {'id': 'B', 'text': ""Interpret the old-vine fruit as showing stronger hybrid notes than young vines, and identify Wagner's Leon as an unrelated non-red variety.""}, {'id': 'C', 'text': 'Assume the reduced hybrid character proves it is not a hybrid grape at all, and rule out any relationship to Oberlin material.'}, {'id': 'D', 'text': 'Conclude that the debated parentage points to a white crossing, so the lot should not be handled as red hybrid fruit.'}]",A,"[1] Marechal Foch (grape) the flavor profile associated with many new-world hybrid varietals is much reduced in examples made with fruit picked from older vines.
---
[2] ""Wagner's Leon"") which many breeders believe to be Oberlin N595) is a red variety of hybrid grape used for wine.
---
[3] Others contend that its pedigree is uncertain and may contain the grape variety Oberlin 595.",,,,,,,,,,,
858b3a11-eaed-4057-86bc-5cef00f216cb,WB-VIT-0385-L3,scenario_synthesis,chatgpt,viticulture,1,analysis,"An Oregon winery is planning a new red program around the grape that dominates the state's vineyard plantings, accounting for well over half of total acreage. In a production meeting, the team wants to fine-tune harvest timing and fruit profile by choosing among Pommard, Dijon 115, and Dijon 777 within that grape. Which statement best reflects a technically correct basis for this plan?","[{'id': 'A', 'text': 'These names identify clones within Oregon’s most planted cultivar, so using them is a way to tailor ripening schedule and fruit character while staying with that same grape.'}, {'id': 'B', 'text': 'Because the leading Oregon planting is a blend category rather than a grape, clone selection is not relevant to this decision.'}, {'id': 'C', 'text': 'These names are separate cultivars, so the winery would be switching away from the leading Oregon cultivar rather than selecting within it.'}, {'id': 'D', 'text': 'These names are regional appellations, so they would guide where fruit is grown rather than how the cultivar performs.'}]",A,"[1] Many Oregon growers select specific clones of Pinot noir (Pommard, Dijon 115 and Dijon 777, for example) for their ripening timing and/or fruit quality characteristics.
---
[2] Pinot noir is the most commonly grown cultivar in Oregon, making up more than 60% of the state’s acreage.
---
[3] Cultivars and clones Much like a plant genus (such as Vitis ) has different species ( Vitis vinifera, for example), and different species have different cultivars (Pinot noir, for example), a cultivar may have different clones.",,,,,,,,,,,
a6bd0c45-713c-4b59-a579-c0f803197dd8,WB-PRD-0327-L1,template,template_only,producers,1,comprehension,"Based on the fact, in which country is the producer Les Bourgeois based?","[{'id': 'A', 'text': 'Austria'}, {'id': 'B', 'text': 'China'}, {'id': 'C', 'text': 'Canada'}, {'id': 'D', 'text': 'US'}]",D,[1] Les Bourgeois is a wine producer in the Missouri region of US.,,,,,,,,,,,
e5713209-ce9a-4d13-8280-7bd2bb4fe8c7,WB-PRD-0331-L2,template,template_only,producers,1,application,"An importer drafting a purchase order for Meyer Family Vineyards needs the country of origin. Per the fact, which country is it?","[{'id': 'A', 'text': 'Canada'}, {'id': 'B', 'text': 'France'}, {'id': 'C', 'text': 'England'}, {'id': 'D', 'text': 'Australia'}]",A,[1] Meyer Family Vineyards is a wine producer in the British Columbia region of Canada.,,,,,,,,,,,
